-- Thêm dữ liệu vào bảng departments
INSERT INTO departments (id, department_name, location) VALUES
(1, 'Faculty of Information Technology', 'Building A1'),
(2, 'Faculty of Electronics and Telecommunications', 'Building B2'),
(3, 'Faculty of Engineering Physics and Nanotechnology', 'Building C3'),
(4, 'Faculty of Mechanical Engineering and Automation', 'Building D4'),
(5, 'Faculty of Agricultural Technology', 'Building E5'),
(6, 'Faculty of Construction and Transportation Technology', 'Building F6'),
(7, 'Institute of Aerospace Technology', 'Building G7'),
(8, 'Institute of Artificial Intelligence', 'Building H8'),
(9, 'Faculty of Information Technology', 'Building A9'),
(10, 'Faculty of Electronics and Telecommunications', 'Building B10'),
(11, 'Faculty of Engineering Physics and Nanotechnology', 'Building C11'),
(12, 'Faculty of Mechanical Engineering and Automation', 'Building D12'),
(13, 'Faculty of Agricultural Technology', 'Building E13'),
(14, 'Faculty of Construction and Transportation Technology', 'Building F14'),
(15, 'Institute of Aerospace Technology', 'Building G15'),
(16, 'Institute of Artificial Intelligence', 'Building H16'),
(17, 'Faculty of Information Technology', 'Building A17'),
(18, 'Faculty of Electronics and Telecommunications', 'Building B18'),
(19, 'Faculty of Engineering Physics and Nanotechnology', 'Building C19'),
(20, 'Faculty of Mechanical Engineering and Automation', 'Building D20');

-- Thêm dữ liệu vào bảng classes
INSERT INTO classes (id, class_name, class_description) VALUES
  (1, 'CS1', 'Introduction to Computer Science'),
  (2, 'CS2', 'Advanced Programming'),
  (3, 'EE1', 'Basic Electrical Engineering'),
  (4, 'ME1', 'Introduction to Mechanical Engineering'),
  (5, 'ME2', 'Thermodynamics'),
  (6, 'CE1', 'Introduction to Civil Engineering'),
  (7, 'CE2', 'Structural Analysis'),
  (8, 'MATH1', 'Calculus I'),
  (9, 'MATH2', 'Linear Algebra'),
  (10, 'PHYS1', 'Classical Mechanics'),
  (11, 'PHYS2', 'Electromagnetism'),
  (12, 'CHEM1', 'General Chemistry'),
  (13, 'CHEM2', 'Organic Chemistry'),
  (14, 'BIO1', 'Biology Fundamentals'),
  (15, 'BIO2', 'Genetics and Evolution'),
  (16, 'CS3', 'Data Structures and Algorithms'),
  (17, 'CS4', 'Operating Systems'),
  (18, 'CS5', 'Database Management Systems'),
  (19, 'CS6', 'Computer Networks'),
  (20, 'CS7', 'Software Engineering'),
  (21, 'CS8', 'Artificial Intelligence'),
  (22, 'CS9', 'Machine Learning'),
  (23, 'CS10', 'Cybersecurity Principles'),
  (24, 'EE2', 'Digital Circuits'),
  (25, 'EE3', 'Analog Electronics'),
  (26, 'EE4', 'Signals and Systems'),
  (27, 'EE5', 'Power Systems'),
  (28, 'ME3', 'Fluid Mechanics'),
  (29, 'ME4', 'Heat Transfer'),
  (30, 'CE3', 'Geotechnical Engineering'),
  (31, 'CE4', 'Environmental Engineering'),
  (32, 'MATH3', 'Differential Equations'),
  (33, 'MATH4', 'Statistics and Probability'),
  (34, 'PHYS3', 'Quantum Mechanics'),
  (35, 'PHYS4', 'Thermodynamics and Statistical Physics'),
  (36, 'CHEM3', 'Physical Chemistry'),
  (37, 'BIO3', 'Microbiology'),
  (38, 'BIO4', 'Biochemistry'),
  (39, 'CS11', 'Introduction to Data Science'),
  (40, 'CS12', 'Cloud Computing'),
  (41, 'CS13', 'Blockchain Technology'),
  (42, 'CS14', 'Game Development'),
  (43, 'CS15', 'Mobile App Development'),
  (44, 'EE6', 'Microcontrollers and Applications'),
  (45, 'EE7', 'Communication Systems'),
  (46, 'ME5', 'Robotics and Automation'),
  (47, 'ME6', 'Manufacturing Processes'),
  (48, 'CE5', 'Transportation Engineering'),
  (49, 'MATH5', 'Numerical Methods'),
  (50, 'PHYS5', 'Astrophysics'),
  (51, 'CHEM4', 'Inorganic Chemistry'),
  (52, 'BIO5', 'Ecology and Conservation Biology'),
  (53, 'CS16', 'Big Data Analytics'),
  (54, 'CS17', 'Human-Computer Interaction'),
  (55, 'CS18', 'Natural Language Processing'),
  (56, 'CS19', 'Computer Vision'),
  (57, 'EE8', 'Embedded Systems'),
  (58, 'ME7', 'Renewable Energy Systems'),
  (59, 'ME8', 'Automotive Engineering'),
  (60, 'CE6', 'Hydrology'),
  (61, 'CE7', 'Construction Management'),
  (62, 'MATH6', 'Abstract Algebra'),
  (63, 'PHYS6', 'Optics'),
  (64, 'CHEM5', 'Analytical Chemistry'),
  (65, 'BIO6', 'Cell Biology'),
  (66, 'CS20', 'Introduction to Robotics'),
  (67, 'CS21', 'Quantum Computing'),
  (68, 'CS22', 'Ethics in Technology'),
  (69, 'EE9', 'Control Systems'),
  (70, 'ME9', 'Mechatronics'),
  (71, 'CE8', 'Urban Planning'),
  (72, 'MATH7', 'Complex Variables'),
  (73, 'PHYS7', 'Nuclear Physics'),
  (74, 'CHEM6', 'Materials Chemistry'),
  (75, 'BIO7', 'Molecular Biology'),
  (76, 'CS23', 'Data Privacy and Security'),
  (77, 'CS24', 'Augmented Reality and Virtual Reality'),
  (78, 'CS25', 'Web Development'),
  (79, 'EE10', 'Digital Signal Processing'),
  (80, 'ME10', 'Energy Systems'),
  (81, 'CE9', 'Bridge Engineering'),
  (82, 'MATH8', 'Discrete Mathematics'),
  (83, 'PHYS8', 'Applied Physics'),
  (84, 'CHEM7', 'Environmental Chemistry'),
  (85, 'BIO8', 'Neurobiology'),
  (86, 'CS26', 'IoT Systems'),
  (87, 'CS27', 'DevOps Engineering'),
  (88, 'EE11', 'VLSI Design'),
  (89, 'ME11', 'Aerospace Engineering'),
  (90, 'CE10', 'Advanced Structural Design'),
  (91, 'MATH9', 'Game Theory'),
  (92, 'PHYS9', 'Plasma Physics'),
  (93, 'CHEM8', 'Chemical Kinetics'),
  (94, 'BIO9', 'Developmental Biology'),
  (95, 'CS28', 'Edge Computing'),
  (96, 'CS29', 'Blockchain Development'),
  (97, 'EE12', 'Photovoltaic Systems'),
  (98, 'ME12', 'Thermal Power Plants'),
  (99, 'CE11', 'Coastal Engineering'),
  (100, 'MATH10', 'Mathematical Modeling');

-- Thêm dữ liệu vào bảng majors
INSERT INTO majors (id, major_name, description, department_id) VALUES

(1, 'Software Engineering', 'Focus on software development and system design.', 1),
(2, 'Data Science', 'Study of data analysis and machine learning.', 1),
(3, 'Cybersecurity', 'Learn to protect systems and networks.', 1),
(4, 'Artificial Intelligence', 'Specialize in AI algorithms and applications.', 1),
(5, 'Web Development', 'Develop websites and web applications.', 1),
(6, 'Mobile Application Development', 'Focus on creating apps for mobile devices.', 1),
(7, 'Computer Networks', 'Learn about network design and management.', 1),
(8, 'Game Development', 'Specialize in designing and programming games.', 1),
(9, 'Human-Computer Interaction', 'Study interfaces between humans and machines.', 1),

(10, 'Telecommunications Engineering', 'Focus on communication networks and systems.', 2),
(11, 'Embedded Systems', 'Study microcontrollers and IoT devices.', 2),
(12, 'Digital Signal Processing', 'Specialize in signal analysis and transformation.', 2),
(13, 'Wireless Communication', 'Learn about wireless networks and technologies.', 2),
(14, 'Photonics Engineering', 'Focus on light-based technologies.', 2),
(15, 'Microwave Engineering', 'Study high-frequency signals and applications.', 2),
(16, 'IoT Systems', 'Focus on Internet of Things devices and infrastructure.', 2),
(17, 'Electronics Design Automation', 'Specialize in electronic circuit design software.', 2),
(18, 'Satellite Communications', 'Learn about satellite-based communication systems.', 2),


(19, 'Nanotechnology', 'Study materials and devices at the nanoscale.', 3),
(20, 'Applied Physics', 'Focus on practical applications of physics.', 3),
(21, 'Quantum Engineering', 'Specialize in quantum computing and technologies.', 3),
(22, 'Optoelectronics', 'Study light-based electronics.', 3),
(23, 'Advanced Materials Science', 'Focus on the development of new materials.', 3),
(24, 'Nanobiotechnology', 'Study the application of nanotechnology in biology.', 3),
(25, 'Semiconductor Technology', 'Focus on semiconductor devices and fabrication.', 3),
(26, 'Magnetism and Spintronics', 'Learn about magnetic materials and spin-based electronics.', 3),
(27, 'Plasma Physics', 'Study the behavior of ionized gases.', 3),


(28, 'Robotics and Automation', 'Design robots and automated systems.', 4),
(29, 'Thermal Engineering', 'Focus on heat transfer and thermodynamics.', 4),
(30, 'Automotive Engineering', 'Specialize in vehicle design and manufacturing.', 4),
(31, 'Control Systems Engineering', 'Learn about control and feedback systems.', 4),
(32, 'Manufacturing Engineering', 'Focus on production processes and technologies.', 4),
(33, 'Aerospace Mechanics', 'Study mechanical aspects of flight systems.', 4),
(34, 'Mechatronics', 'Combine mechanics, electronics, and computer systems.', 4),
(35, 'Energy Systems Engineering', 'Focus on energy generation and management.', 4),
(36, 'Fluid Dynamics', 'Learn about the behavior of fluids in motion.', 4),


(37, 'Agronomy', 'Study crop production and soil management.', 5),
(38, 'Food Technology', 'Focus on food processing and preservation.', 5),
(39, 'Agricultural Engineering', 'Specialize in machinery and systems for farming.', 5),
(40, 'Plant Biotechnology', 'Learn about genetic modification in plants.', 5),
(41, 'Sustainable Agriculture', 'Focus on eco-friendly farming practices.', 5),
(42, 'Animal Science', 'Study livestock management and breeding.', 5),
(43, 'Horticulture', 'Focus on the cultivation of fruits and vegetables.', 5),
(44, 'Aquaculture', 'Learn about the farming of aquatic organisms.', 5),
(45, 'Precision Agriculture', 'Use technology for efficient farming practices.', 5),


(46, 'Structural Engineering', 'Specialize in the design of buildings and structures.', 6),
(47, 'Transportation Engineering', 'Study road, rail, and air transport systems.', 6),
(48, 'Geotechnical Engineering', 'Focus on soil and foundation analysis.', 6),
(49, 'Urban Planning', 'Learn to design urban infrastructure.', 6),
(50, 'Environmental Engineering', 'Focus on sustainable construction methods.', 6),
(51, 'Bridge Engineering', 'Study the design and construction of bridges.', 6),
(52, 'Highway Engineering', 'Focus on road design and maintenance.', 6),
(53, 'Construction Management', 'Learn about project management in construction.', 6),
(54, 'Railway Systems Engineering', 'Specialize in rail transport technologies.', 6),


(55, 'Aerospace Engineering', 'Design aircraft and spacecraft.', 7),
(56, 'Aerodynamics', 'Study the behavior of air and fluid flow.', 7),
(57, 'Avionics', 'Focus on electronic systems in aerospace.', 7),
(58, 'Propulsion Systems', 'Learn about engines and propulsion technologies.', 7),
(59, 'Space Systems Engineering', 'Specialize in satellite and space technology.', 7),
(60, 'Flight Mechanics', 'Study the forces acting on aircraft during flight.', 7),
(61, 'Unmanned Aerial Systems', 'Learn about drones and autonomous vehicles.', 7),
(62, 'Satellite Technology', 'Focus on satellite design and operation.', 7),
(63, 'Human Spaceflight Systems', 'Study the technologies for manned space missions.', 7),


(64, 'Machine Learning', 'Focus on building intelligent systems.', 8),
(65, 'Natural Language Processing', 'Learn about AI and human language.', 8),
(66, 'Computer Vision', 'Specialize in image and video analysis.', 8),
(67, 'Reinforcement Learning', 'Study decision-making AI models.', 8),
(68, 'AI Ethics and Policy', 'Focus on the societal impact of AI technologies.', 8),
(69, 'Deep Learning', 'Learn advanced neural network models.', 8),
(70, 'AI for Robotics', 'Integrate AI with robotics systems.', 8),
(71, 'Predictive Analytics', 'Focus on forecasting using AI models.', 8),
(72, 'Cognitive Computing', 'Study systems that simulate human thought processes.', 8);

-- Thêm dữ liệu vào bảng teachers
(10000001, 'Alice', 'Smith', 'alice.smith@example.com', '1234567890', 3),
(10000002, 'Bob', 'Johnson', 'bob.johnson@example.com', '0987654321', 5),
(10000003, 'Charlie', 'Brown', 'charlie.brown@example.com', '5678901234', 7),
(10000004, 'David', 'Williams', 'david.williams@example.com', '2345678901', 2),
(10000005, 'Eva', 'Jones', 'eva.jones@example.com', '3456789012', 8),
(10000006, 'Frank', 'Miller', 'frank.miller@example.com', '4567890123', 4),
(10000007, 'Grace', 'Davis', 'grace.davis@example.com', '5678901234', 1),
(10000008, 'Hannah', 'Garcia', 'hannah.garcia@example.com', '6789012345', 3),
(10000009, 'Isaac', 'Martinez', 'isaac.martinez@example.com', '7890123456', 6),
(10000010, 'Jack', 'Hernandez', 'jack.hernandez@example.com', '8901234567', 2),
(10000011, 'Karen', 'Lopez', 'karen.lopez@example.com', '9012345678', 5),
(10000012, 'Liam', 'Gonzalez', 'liam.gonzalez@example.com', '1122334455', 7),
(10000013, 'Mia', 'Wilson', 'mia.wilson@example.com', '2233445566', 8),
(10000014, 'Noah', 'Anderson', 'noah.anderson@example.com', '3344556677', 9),
(10000015, 'Olivia', 'Thomas', 'olivia.thomas@example.com', '4455667788', 6),
(10000016, 'Paul', 'Jackson', 'paul.jackson@example.com', '5566778899', 4),
(10000017, 'Quinn', 'White', 'quinn.white@example.com', '6677889900', 1),
(10000018, 'Rachel', 'Harris', 'rachel.harris@example.com', '7788990011', 2),
(10000019, 'Sam', 'Clark', 'sam.clark@example.com', '8899001122', 10),
(10000020, 'Tina', 'Lewis', 'tina.lewis@example.com', '9900112233', 3),
(10000021, 'Ursula', 'Young', 'ursula.young@example.com', '1230987654', 5),
(10000022, 'Victor', 'Allen', 'victor.allen@example.com', '2341098765', 1),
(10000023, 'Wendy', 'Sanchez', 'wendy.sanchez@example.com', '3452109876', 7),
(10000024, 'Xander', 'King', 'xander.king@example.com', '4563210987', 4),
(10000025, 'Yvonne', 'Scott', 'yvonne.scott@example.com', '5674321098', 9),
(10000026, 'Zachary', 'Adams', 'zachary.adams@example.com', '6785432109', 3),
(10000027, 'Amanda', 'Baker', 'amanda.baker@example.com', '7896543210', 10),
(10000028, 'Brad', 'Carter', 'brad.carter@example.com', '8907654321', 2),
(10000029, 'Catherine', 'Nelson', 'catherine.nelson@example.com', '9018765432', 6),
(10000030, 'Dylan', 'Mitchell', 'dylan.mitchell@example.com', '1239876543', 8),
(10000031, 'Ethan', 'Perez', 'ethan.perez@example.com', '2340987654', 1),
(10000032, 'Fiona', 'Roberts', 'fiona.roberts@example.com', '3451098765', 7),
(10000033, 'George', 'Evans', 'george.evans@example.com', '4562109876', 9),
(10000034, 'Helen', 'Graham', 'helen.graham@example.com', '5673210987', 10),
(10000035, 'Ivy', 'Garrett', 'ivy.garrett@example.com', '6784321098', 4),
(10000036, 'James', 'Russell', 'james.russell@example.com', '7895432109', 8),
(10000037, 'Kylie', 'Fox', 'kylie.fox@example.com', '8906543210', 3),
(10000038, 'Lucas', 'Bennett', 'lucas.bennett@example.com', '9017654321', 2),
(10000039, 'Maya', 'Ward', 'maya.ward@example.com', '1238765432', 7),
(10000040, 'Nina', 'Cunningham', 'nina.cunningham@example.com', '2349876543', 6),
(10000041, 'Oscar', 'Gonzales', 'oscar.gonzales@example.com', '3450987654', 5),
(10000042, 'Pauline', 'Sullivan', 'pauline.sullivan@example.com', '4561098765', 4),
(10000043, 'Quincy', 'Wood', 'quincy.wood@example.com', '5672109876', 9),
(10000044, 'Rafael', 'Hughes', 'rafael.hughes@example.com', '6783210987', 1),
(10000045, 'Sophie', 'Oliver', 'sophie.oliver@example.com', '7894321098', 10),
(10000046, 'Travis', 'Simmons', 'travis.simmons@example.com', '8905432109', 6),
(10000047, 'Uma', 'Foster', 'uma.foster@example.com', '9016543210', 2),
(10000048, 'Vera', 'Diaz', 'vera.diaz@example.com', '1237654321', 8),
(10000049, 'William', 'Rivera', 'william.rivera@example.com', '2348765432', 3),
(10000050, 'Ximena', 'Morris', 'ximena.morris@example.com', '3459876543', 4),
(10000051, 'Yasmin', 'Morales', 'yasmin.morales@example.com', '4560987654', 6),
(10000052, 'Zane', 'Riley', 'zane.riley@example.com', '5671098765', 9),
(10000053, 'Aiden', 'Parker', 'aiden.parker@example.com', '6782109876', 7),
(10000054, 'Brayden', 'Snyder', 'brayden.snyder@example.com', '7893210987', 2),
(10000055, 'Chloe', 'Burns', 'chloe.burns@example.com', '8904321098', 4),
(10000056, 'Daniel', 'Fleming', 'daniel.fleming@example.com', '9015432109', 8),
(10000057, 'Ella', 'Walsh', 'ella.walsh@example.com', '1236543210', 9),
(10000058, 'Felix', 'Hunt', 'felix.hunt@example.com', '2347654321', 10),
(10000059, 'Gavin', 'Gibson', 'gavin.gibson@example.com', '3458765432', 5),
(10000060, 'Holly', 'Chavez', 'holly.chavez@example.com', '4569876543', 3),
(10000061, 'Irene', 'Bishop', 'irene.bishop@example.com', '5670987654', 7),
(10000062, 'John', 'Chang', 'john.chang@example.com', '6782098765', 2),
(10000063, 'Katie', 'Curtis', 'katie.curtis@example.com', '7893209876', 4),
(10000064, 'Lance', 'Snyder', 'lance.snyder@example.com', '8904310987', 9),
(10000065, 'Maggie', 'Harper', 'maggie.harper@example.com', '9015421098', 5),
(10000066, 'Nick', 'Spencer', 'nick.spencer@example.com', '1236532109', 6),
(10000067, 'Olga', 'Ferguson', 'olga.ferguson@example.com', '2347643210', 3),
(10000068, 'Peter', 'Bryant', 'peter.bryant@example.com', '3458754321', 2),
(10000069, 'Quinn', 'Glover', 'quinn.glover@example.com', '4569865432', 7),
(10000070, 'Riley', 'Stewart', 'riley.stewart@example.com', '5670976543', 10),
(10000071, 'Sarah', 'Morris', 'sarah.morris@example.com', '6782087654', 5),
(10000072, 'Terry', 'Henderson', 'terry.henderson@example.com', '7893198765', 8),
(10000073, 'Uriah', 'Reed', 'uriah.reed@example.com', '8904309876', 1),
(10000074, 'Vicky', 'Bell', 'vicky.bell@example.com', '9015410987', 9),
(10000075, 'Walter', 'Curtis', 'walter.curtis@example.com', '1236521098', 6),
(10000076, 'Xander', 'Garcia', 'xander.garcia@example.com', '2347632109', 4),
(10000077, 'Yasmine', 'Martinez', 'yasmine.martinez@example.com', '3458743210', 2),
(10000078, 'Zane', 'Johnson', 'zane.johnson@example.com', '4569854321', 10),
(10000079, 'Andrew', 'Evans', 'andrew.evans@example.com', '5670965432', 5),
(10000080, 'Beth', 'Gonzales', 'beth.gonzales@example.com', '6782076543', 7),
(10000081, 'Celia', 'Wright', 'celia.wright@example.com', '7893187654', 4),
(10000082, 'Diana', 'Green', 'diana.green@example.com', '8904298765', 1),
(10000083, 'Ethan', 'Adams', 'ethan.adams@example.com', '9015409876', 3),
(10000084, 'Felicia', 'Miller', 'felicia.miller@example.com', '1236510987', 5),
(10000085, 'Gavin', 'King', 'gavin.king@example.com', '2347621098', 9),
(10000086, 'Hannah', 'Scott', 'hannah.scott@example.com', '3458732109', 2),
(10000087, 'Ian', 'Roberts', 'ian.roberts@example.com', '4569843210', 8),
(10000088, 'Julian', 'Perez', 'julian.perez@example.com', '5670954321', 10),
(10000089, 'Kara', 'Hughes', 'kara.hughes@example.com', '6782065432', 1),
(10000090, 'Luke', 'Watson', 'luke.watson@example.com', '7893176543', 3),
(10000091, 'Maya', 'Diaz', 'maya.diaz@example.com', '8904287654', 9),
(10000092, 'Nora', 'James', 'nora.james@example.com', '9015398765', 6),
(10000093, 'Olivia', 'Lee', 'olivia.lee@example.com', '1236509876', 8),
(10000094, 'Penny', 'Perez', 'penny.perez@example.com', '2347610987', 5),
(10000095, 'Quincy', 'White', 'quincy.white@example.com', '3458721098', 3),
(10000096, 'Rachelle', 'Clark', 'rachelle.clark@example.com', '4569832109', 2),
(10000097, 'Simon', 'Evans', 'simon.evans@example.com', '5670943210', 4),
(10000098, 'Tina', 'Sullivan', 'tina.sullivan@example.com', '6782054321', 9),
(10000099, 'Ursula', 'Taylor', 'ursula.taylor@example.com', '7893165432', 10),
(10000100, 'Victor', 'Walker', 'victor.walker@example.com', '8904276543', 1);
-- Thêm dữ liệu vào bảng courses
INSERT INTO courses (id, course_name, course_code, credits, major_id, teacher_id) VALUES
(1, 'Introduction to Programming', 'CS101', 3, 1, 10000001),
(2, 'Data Structures', 'CS201', 4, 1, 10000002),
(3, 'Circuit Analysis', 'EE101', 3, 2, 10000003),
(4, 'Thermodynamics', 'ME101', 4, 3, 10000004),
(5, 'Algorithms', 'CS301', 3, 1, 10000005),
(6, 'Database Systems', 'CS302', 4, 1, 10000006),
(7, 'Electrical Circuits', 'EE201', 3, 2, 10000007),
(8, 'Fluid Mechanics', 'ME201', 4, 3, 10000008),
(9, 'Operating Systems', 'CS401', 3, 1, 10000009),
(10, 'Discrete Mathematics', 'CS402', 3, 1, 10000010),
(11, 'Signals and Systems', 'EE301', 3, 2, 10000011),
(12, 'Control Systems', 'EE302', 4, 2, 10000012),
(13, 'Heat Transfer', 'ME301', 3, 3, 10000013),
(14, 'VLSI Design', 'EE401', 4, 2, 10000014),
(15, 'Software Engineering', 'CS501', 3, 1, 10000015),
(16, 'Embedded Systems', 'EE402', 3, 2, 10000016),
(17, 'Mechanical Vibrations', 'ME401', 3, 3, 10000017),
(18, 'Artificial Intelligence', 'CS502', 3, 1, 10000018),
(19, 'Machine Learning', 'CS503', 3, 1, 10000019),
(20, 'Digital Logic Design', 'EE501', 4, 2, 10000020),
(21, 'Power Systems', 'EE502', 4, 2, 10000021),
(22, 'Thermodynamics II', 'ME501', 3, 3, 10000022),
(23, 'Computer Networks', 'CS601', 3, 1, 10000023),
(24, 'Data Communication', 'EE601', 3, 2, 10000024),
(25, 'Mechanical Design', 'ME601', 4, 3, 10000025),
(26, 'Web Development', 'CS701', 3, 1, 10000026),
(27, 'Mobile App Development', 'CS702', 3, 1, 10000027),
(28, 'Linear Algebra', 'CS801', 3, 1, 10000028),
(29, 'Computer Architecture', 'CS802', 4, 1, 10000029),
(30, 'Quantum Mechanics', 'ME701', 4, 3, 10000030),
(31, 'Digital Signal Processing', 'EE701', 3, 2, 10000031),
(32, 'Introduction to Robotics', 'ME702', 3, 3, 10000032),
(33, 'Advanced Algorithms', 'CS901', 3, 1, 10000033),
(34, 'Advanced Databases', 'CS902', 4, 1, 10000034),
(35, 'Control Theory', 'EE801', 4, 2, 10000035),
(36, 'Power Electronics', 'EE802', 4, 2, 10000036),
(37, 'Strength of Materials', 'ME801', 3, 3, 10000037),
(38, 'Automation Systems', 'ME802', 3, 3, 10000038),
(39, 'Internet of Things', 'CS1001', 3, 1, 10000039),
(40, 'Big Data Analytics', 'CS1002', 4, 1, 10000040),
(41, 'Embedded Hardware', 'EE1001', 3, 2, 10000041),
(42, 'Advanced Electrical Circuits', 'EE1002', 3, 2, 10000042),
(43, 'Advanced Thermodynamics', 'ME1001', 3, 3, 10000043),
(44, 'Introduction to Data Science', 'CS1101', 3, 1, 10000044),
(45, 'Bioengineering', 'ME1101', 3, 3, 10000045),
(46, 'Digital Image Processing', 'EE1101', 4, 2, 10000046),
(47, 'Cloud Computing', 'CS1201', 3, 1, 10000047),
(48, 'Microelectronics', 'EE1201', 3, 2, 10000048),
(49, 'Heat and Mass Transfer', 'ME1201', 4, 3, 10000049),
(50, 'Data Security', 'CS1301', 3, 1, 10000050),
(51, 'Nanoelectronics', 'EE1301', 4, 2, 10000051),
(52, 'Robotic Systems', 'ME1301', 3, 3, 10000052),
(53, 'Cybersecurity', 'CS1401', 3, 1, 10000053),
(54, 'Optoelectronics', 'EE1401', 4, 2, 10000054),
(55, 'Automotive Engineering', 'ME1401', 3, 3, 10000055),
(56, 'Blockchain Technology', 'CS1501', 3, 1, 10000056),
(57, 'Power Systems Engineering', 'EE1501', 4, 2, 10000057),
(58, 'Thermodynamics III', 'ME1501', 3, 3, 10000058),
(59, 'Artificial Neural Networks', 'CS1601', 3, 1, 10000059),
(60, 'Advanced Power Electronics', 'EE1601', 4, 2, 10000060),
(61, 'Mechanical Behavior of Materials', 'ME1601', 3, 3, 10000061),
(62, 'Advanced Control Systems', 'EE1701', 4, 2, 10000062),
(63, 'Data Visualization', 'CS1701', 3, 1, 10000063),
(64, 'Nanotechnology', 'ME1701', 3, 3, 10000064),
(65, 'Computer Vision', 'CS1801', 3, 1, 10000065),
(66, 'Digital Communications', 'EE1801', 4, 2, 10000066),
(67, 'Fluid Dynamics', 'ME1801', 4, 3, 10000067),
(68, 'Human-Computer Interaction', 'CS1901', 3, 1, 10000068),
(69, 'Wireless Networks', 'EE1901', 3, 2, 10000069),
(70, 'Advanced Manufacturing Processes', 'ME1901', 4, 3, 10000070),
(71, 'Augmented Reality', 'CS2001', 3, 1, 10000071),
(72, 'Internet of Things II', 'CS2002', 3, 1, 10000072),
(73, 'Smart Grids', 'EE2001', 4, 2, 10000073),
(74, 'Sustainable Energy Systems', 'ME2001', 3, 3, 10000074),
(75, 'Artificial Intelligence II', 'CS2101', 3, 1, 10000075),
(76, 'Advanced Electrical Machines', 'EE2101', 4, 2, 10000076),
(77, 'Computational Fluid Dynamics', 'ME2101', 3, 3, 10000077),
(78, 'Software Development Life Cycle', 'CS2201', 3, 1, 10000078),
(79, 'Electric Drives', 'EE2201', 4, 2, 10000079),
(80, 'Thermal Science', 'ME2201', 3, 3, 10000080),
(81, 'Data Analytics', 'CS2301', 3, 1, 10000081),
(82, 'Advanced Signal Processing', 'EE2301', 4, 2, 10000082),
(83, 'Finite Element Analysis', 'ME2301', 3, 3, 10000083),
(84, 'Robotics II', 'CS2401', 3, 1, 10000084),
(85, 'Semiconductor Devices', 'EE2401', 4, 2, 10000085),
(86, 'Composite Materials', 'ME2401', 3, 3, 10000086),
(87, 'AI in Engineering', 'CS2501', 3, 1, 10000087),
(88, 'Renewable Energy Systems', 'EE2501', 3, 2, 10000088),
(89, 'Biomechanics', 'ME2501', 4, 3, 10000089),
(90, 'Data Science in Engineering', 'CS2601', 3, 1, 10000090),
(91, 'Advanced Power Systems', 'EE2601', 4, 2, 10000091),
(92, 'Finite Element Methods in Engineering', 'ME2601', 3, 3, 10000092),
(93, 'High Performance Computing', 'CS2701', 3, 1, 10000093),
(94, 'Smart Materials', 'EE2701', 3, 2, 10000094),
(95, 'Advanced Robotics', 'ME2701', 4, 3, 10000095),
(96, 'Cloud Computing II', 'CS2801', 3, 1, 10000096),
(97, 'Embedded Software Development', 'EE2801', 4, 2, 10000097),
(98, 'Advanced Fluid Mechanics', 'ME2801', 3, 3, 10000098),
(99, 'Data Science and AI', 'CS2901', 3, 1, 10000099),
(100, 'Advanced Energy Systems', 'EE2901', 4, 2, 10000100);

-- Thêm dữ liệu vào bảng students
INSERT INTO students (id, first_name, last_name, date_of_birth, email, phone_number, address, class_id, major_id, gpa) VALUES
(10000001, 'John', 'Doe', '2000-01-01', 'john.doe@example.com', '1112223333', '123 Elm St', 1, 1, 3.5),
(10000002, 'Jane', 'Smith', '2001-02-02', 'jane.smith@example.com', '4445556666', '456 Maple Ave', 2, 2, 3.6),
(10000003, 'Michael', 'Johnson', '2002-03-03', 'michael.johnson@example.com', '7778889999', '789 Oak Ln', 3, 3, 3.3),
(10000004, 'Emily', 'Davis', '2000-04-04', 'emily.davis@example.com', '2223334444', '101 Pine St', 4, 1, 3.2),
(10000005, 'David', 'Martinez', '2001-05-05', 'david.martinez@example.com', '5556667777', '202 Birch Rd', 5, 2, 3.9),
(10000006, 'Sarah', 'Lopez', '2002-06-06', 'sarah.lopez@example.com', '8889990000', '303 Cedar Dr', 6, 3, 3.7),
(10000007, 'Daniel', 'Wilson', '2000-07-07', 'daniel.wilson@example.com', '3334445555', '404 Walnut St', 7, 1, 2.8),
(10000008, 'Sophia', 'Brown', '2001-08-08', 'sophia.brown@example.com', '6667778888', '505 Fir Ln', 8, 2, 3.4),
(10000009, 'James', 'Garcia', '2002-09-09', 'james.garcia@example.com', '9990001111', '606 Pine Ln', 9, 1, 3.1),
(10000010, 'Isabella', 'Martinez', '2000-10-10', 'isabella.martinez@example.com', '4445556666', '707 Maple Rd', 10, 2, 2.9),
(10000011, 'Ethan', 'Rodriguez', '2001-11-11', 'ethan.rodriguez@example.com', '7778889999', '808 Oak Dr', 11, 3, 3.0),
(10000012, 'Ava', 'Perez', '2002-12-12', 'ava.perez@example.com', '1112223333', '909 Birch St', 12, 1, 3.5),
(10000013, 'Liam', 'Hernandez', '2000-01-01', 'liam.hernandez@example.com', '2223334444', '101 Cedar St', 1, 1, 3.8),
(10000014, 'Mia', 'Gonzalez', '2001-02-02', 'mia.gonzalez@example.com', '4445556666', '202 Elm Ave', 2, 2, 3.7),
(10000015, 'Alexander', 'Clark', '2002-03-03', 'alexander.clark@example.com', '7778889999', '303 Oak Ln', 3, 3, 2.8),
(10000016, 'Charlotte', 'Rodriguez', '2000-04-04', 'charlotte.rodriguez@example.com', '2223334444', '404 Maple Rd', 4, 1, 3.0),
(10000017, 'Benjamin', 'Walker', '2001-05-05', 'benjamin.walker@example.com', '5556667777', '505 Pine St', 5, 2, 2.9),
(10000018, 'Amelia', 'Hall', '2002-06-06', 'amelia.hall@example.com', '8889990000', '606 Fir Ln', 6, 3, 3.6),
(10000019, 'William', 'Allen', '2000-07-07', 'william.allen@example.com', '3334445555', '707 Walnut St', 7, 1, 3.2),
(10000020, 'Olivia', 'Young', '2001-08-08', 'olivia.young@example.com', '6667778888', '808 Cedar Rd', 8, 2, 3.1),
(10000021, 'Lucas', 'King', '2002-09-09', 'lucas.king@example.com', '9990001111', '909 Pine Ave', 9, 1, 2.7),
(10000022, 'Eli', 'Wright', '2002-10-10', 'eli.wright@example.com', '2223334444', '101 Birch Rd', 1, 1, 3.2),
(10000023, 'Lily', 'Lopez', '2000-11-11', 'lily.lopez@example.com', '4445556666', '202 Cedar Dr', 2, 2, 3.0),
(10000024, 'Jack', 'Martinez', '2001-12-12', 'jack.martinez@example.com', '7778889999', '303 Fir Ln', 3, 3, 3.1),
(10000025, 'Ella', 'Harris', '2002-01-01', 'ella.harris@example.com', '2223334444', '404 Oak St', 4, 1, 2.9),
(10000026, 'Noah', 'Thompson', '2000-02-02', 'noah.thompson@example.com', '5556667777', '505 Maple Rd', 5, 2, 3.3),
(10000027, 'Madison', 'Garcia', '2001-03-03', 'madison.garcia@example.com', '8889990000', '606 Pine Ave', 6, 3, 3.6),
(10000028, 'Oliver', 'Lopez', '2002-04-04', 'oliver.lopez@example.com', '3334445555', '707 Cedar Ln', 7, 1, 3.4),
(10000029, 'Charlotte', 'Miller', '2000-05-05', 'charlotte.miller@example.com', '6667778888', '808 Birch Rd', 8, 2, 2.7),
(10000030, 'Jacob', 'Roberts', '2001-06-06', 'jacob.roberts@example.com', '9990001111', '909 Oak St', 9, 1, 3.2),
(10000031, 'Harper', 'Perez', '2002-07-07', 'harper.perez@example.com', '1112223333', '101 Pine Ln', 10, 2, 2.8),
(10000032, 'Aiden', 'Evans', '2000-08-08', 'aiden.evans@example.com', '2223334444', '202 Maple Rd', 1, 1, 3.1),
(10000033, 'Avery', 'Edwards', '2001-09-09', 'avery.edwards@example.com', '4445556666', '303 Cedar Rd', 2, 2, 3.6),
(10000034, 'Mason', 'Collins', '2002-10-10', 'mason.collins@example.com', '7778889999', '404 Oak Ave', 3, 3, 3.4),
(10000035, 'Harley', 'Gonzalez', '2000-11-11', 'harley.gonzalez@example.com', '2223334444', '505 Birch Ln', 4, 1, 3.3),
(10000036, 'Chloe', 'Reed', '2001-12-12', 'chloe.reed@example.com', '5556667777', '606 Pine Ave', 5, 2, 3.0),
(10000037, 'Lucas', 'James', '2002-01-01', 'lucas.james@example.com', '8889990000', '707 Cedar St', 6, 3, 3.2),
(10000038, 'Eleanor', 'Campbell', '2000-02-02', 'eleanor.campbell@example.com', '3334445555', '808 Birch Rd', 7, 1, 3.1),
(10000039, 'Henry', 'Baker', '2001-03-03', 'henry.baker@example.com', '6667778888', '909 Oak Dr', 8, 2, 2.9),
(10000040, 'Ruby', 'Morris', '2002-04-04', 'ruby.morris@example.com', '9990001111', '101 Pine Rd', 9, 1, 3.5),
(10000041, 'Leo', 'Parker', '2000-05-05', 'leo.parker@example.com', '1112223333', '202 Cedar Ave', 10, 2, 3.0),
(10000042, 'Eliot', 'Taylor', '2001-06-06', 'eliot.taylor@example.com', '2223334444', '303 Maple St', 1, 1, 2.8),
(10000043, 'Layla', 'Anderson', '2002-07-07', 'layla.anderson@example.com', '4445556666', '404 Birch Rd', 2, 2, 3.7),
(10000044, 'Benjamin', 'Wilson', '2000-08-08', 'benjamin.wilson@example.com', '7778889999', '505 Oak Ave', 3, 3, 2.9),
(10000045, 'Lena', 'Hernandez', '2001-09-09', 'lena.hernandez@example.com', '2223334444', '606 Cedar Ln', 4, 1, 3.2),
(10000046, 'Isaiah', 'Martin', '2002-10-10', 'isaiah.martin@example.com', '5556667777', '707 Oak St', 5, 2, 3.4),
(10000047, 'Ivy', 'Perez', '2000-11-11', 'ivy.perez@example.com', '8889990000', '808 Cedar Dr', 6, 3, 3.3),
(10000048, 'Kai', 'Robinson', '2001-12-12', 'kai.robinson@example.com', '3334445555', '909 Birch Ave', 7, 1, 2.7),
(10000049, 'Amos', 'Kim', '2002-01-01', 'amos.kim@example.com', '6667778888', '101 Pine St', 8, 2, 3.1),
(10000050, 'Sophie', 'Garcia', '2000-02-02', 'sophie.garcia@example.com', '9990001111', '202 Maple Rd', 9, 1, 3.4),
(10000051, 'Jaxon', 'Clark', '2001-03-03', 'jaxon.clark@example.com', '1112223333', '303 Oak Ln', 10, 2, 2.9),
(10000052, 'Ariana', 'Allen', '2002-04-04', 'ariana.allen@example.com', '2223334444', '404 Birch Rd', 1, 1, 3.2),
(10000053, 'Caleb', 'Young', '2000-05-05', 'caleb.young@example.com', '4445556666', '505 Cedar Ave', 2, 2, 3.0),
(10000054, 'Victoria', 'King', '2001-06-06', 'victoria.king@example.com', '7778889999', '606 Oak St', 3, 3, 3.1),
(10000055, 'Sebastian', 'Wright', '2002-07-07', 'sebastian.wright@example.com', '2223334444', '707 Birch Ln', 4, 1, 3.5),
(10000056, 'Gabrielle', 'Scott', '2000-08-08', 'gabrielle.scott@example.com', '5556667777', '808 Pine Rd', 5, 2, 3.3),
(10000057, 'Ezra', 'Green', '2001-09-09', 'ezra.green@example.com', '8889990000', '909 Cedar Dr', 6, 3, 2.8),
(10000058, 'Natalie', 'Lopez', '2002-10-10', 'natalie.lopez@example.com', '3334445555', '101 Oak Ln', 7, 1, 3.4),
(10000059, 'Jonah', 'Evans', '2000-11-11', 'jonah.evans@example.com', '6667778888', '202 Birch Rd', 8, 2, 3.6),
(10000060, 'Piper', 'Martinez', '2001-12-12', 'piper.martinez@example.com', '9990001111', '303 Cedar St', 9, 1, 3.0),
(10000061, 'Zane', 'Davis', '2002-01-01', 'zane.davis@example.com', '1112223333', '404 Pine Ln', 10, 2, 3.1),
(10000062, 'Sophia', 'Murphy', '2000-02-02', 'sophia.murphy@example.com', '2223334444', '505 Oak Ave', 1, 1, 2.9),
(10000063, 'Wyatt', 'Gray', '2001-03-03', 'wyatt.gray@example.com', '4445556666', '606 Birch Rd', 2, 2, 3.0),
(10000064, 'Mila', 'Graham', '2002-04-04', 'mila.graham@example.com', '7778889999', '707 Oak Dr', 3, 3, 3.2),
(10000065, 'Ethan', 'Sanders', '2000-05-05', 'ethan.sanders@example.com', '2223334444', '808 Cedar Ln', 4, 1, 3.6),
(10000066, 'Gabriel', 'Scott', '2001-06-06', 'gabriel.scott@example.com', '5556667777', '909 Birch Rd', 5, 2, 3.1),
(10000067, 'Chloe', 'Taylor', '2002-07-07', 'chloe.taylor@example.com', '8889990000', '101 Pine Rd', 6, 3, 2.8),
(10000068, 'Liam', 'Baker', '2000-08-08', 'liam.baker@example.com', '3334445555', '202 Oak Ln', 7, 1, 3.3),
(10000069, 'Zoe', 'Collins', '2001-09-09', 'zoe.collins@example.com', '6667778888', '303 Birch Ave', 8, 2, 3.0),
(10000070, 'Mason', 'Bryant', '2002-10-10', 'mason.bryant@example.com', '9990001111', '404 Cedar St', 9, 1, 2.9),
(10000071, 'Hannah', 'Ross', '2000-11-11', 'hannah.ross@example.com', '1112223333', '505 Oak Rd', 10, 2, 3.2),
(10000072, 'Jaxon', 'Foster', '2001-12-12', 'jaxon.foster@example.com', '2223334444', '606 Pine Ave', 1, 1, 3.3),
(10000073, 'Amelia', 'Morris', '2002-01-01', 'amelia.morris@example.com', '4445556666', '707 Birch St', 2, 2, 3.0),
(10000074, 'Evan', 'Hughes', '2000-02-02', 'evan.hughes@example.com', '7778889999', '808 Oak Dr', 3, 3, 3.2),
(10000075, 'Peyton', 'Wheeler', '2001-03-03', 'peyton.wheeler@example.com', '2223334444', '909 Cedar Ln', 4, 1, 2.8),
(10000076, 'Lily', 'King', '2002-04-04', 'lily.king@example.com', '5556667777', '101 Pine Ave', 5, 2, 3.1),
(10000077, 'Oliver', 'Bennett', '2000-05-05', 'oliver.bennett@example.com', '8889990000', '202 Oak Ave', 6, 3, 3.5),
(10000078, 'Megan', 'Bauer', '2001-06-06', 'megan.bauer@example.com', '3334445555', '303 Pine Rd', 7, 1, 3.0),
(10000079, 'Sebastian', 'Morgan', '2002-07-07', 'sebastian.morgan@example.com', '6667778888', '404 Birch Rd', 8, 2, 2.7),
(10000080, 'Kylie', 'Roberts', '2000-08-08', 'kylie.roberts@example.com', '9990001111', '505 Oak Ln', 9, 1, 3.4),
(10000081, 'Dylan', 'Miller', '2001-09-09', 'dylan.miller@example.com', '1112223333', '606 Cedar Ave', 10, 2, 3.0),
(10000082, 'Ava', 'Long', '2002-10-10', 'ava.long@example.com', '2223334444', '707 Birch Rd', 1, 1, 3.1),
(10000083, 'Ella', 'King', '2000-11-11', 'ella.king@example.com', '4445556666', '808 Oak Ln', 2, 2, 3.6),
(10000084, 'Andrew', 'Martin', '2001-12-12', 'andrew.martin@example.com', '7778889999', '909 Pine Rd', 3, 3, 3.0),
(10000085, 'Maya', 'Reed', '2002-01-01', 'maya.reed@example.com', '2223334444', '101 Cedar Ln', 4, 1, 3.3),
(10000086, 'Zane', 'Jordan', '2000-02-02', 'zane.jordan@example.com', '5556667777', '202 Birch Ave', 5, 2, 3.2),
(10000087, 'Chloe', 'Gray', '2001-03-03', 'chloe.gray@example.com', '8889990000', '303 Pine St', 6, 3, 2.8),
(10000088, 'Henry', 'Sullivan', '2002-04-04', 'henry.sullivan@example.com', '3334445555', '404 Oak Rd', 7, 1, 3.4),
(10000089, 'Lena', 'Fisher', '2000-05-05', 'lena.fisher@example.com', '6667778888', '505 Cedar Ln', 8, 2, 3.0),
(10000090, 'Luke', 'Bishop', '2001-06-06', 'luke.bishop@example.com', '9990001111', '606 Pine Ave', 9, 1, 3.5),
(10000091, 'Mason', 'Curtis', '2002-07-07', 'mason.curtis@example.com', '1112223333', '707 Birch Rd', 10, 2, 3.3),
(10000092, 'Emma', 'Hunter', '2000-08-08', 'emma.hunter@example.com', '2223334444', '808 Oak Ave', 1, 1, 3.2),
(10000093, 'Zoe', 'Shaw', '2001-09-09', 'zoe.shaw@example.com', '4445556666', '909 Birch Rd', 2, 2, 3.4),
(10000094, 'John', 'Perry', '2002-10-10', 'john.perry@example.com', '7778889999', '101 Pine Rd', 3, 3, 3.1),
(10000095, 'Isla', 'Kennedy', '2000-11-11', 'isla.kennedy@example.com', '2223334444', '202 Birch Ave', 4, 1, 2.9),
(10000096, 'Kai', 'Bell', '2001-12-12', 'kai.bell@example.com', '5556667777', '303 Pine Ln', 5, 2, 3.0),
(10000097, 'Eli', 'Woods', '2002-01-01', 'eli.woods@example.com', '8889990000', '404 Cedar Rd', 6, 3, 3.3),
(10000098, 'Grace', 'Warren', '2000-02-02', 'grace.warren@example.com', '3334445555', '505 Oak Ln', 7, 1, 2.8),
(10000099, 'Jack', 'Mills', '2001-03-03', 'jack.mills@example.com', '6667778888', '606 Cedar Ave', 8, 2, 3.5),
(10000100, 'Zoe', 'Scott', '2000-01-01', 'zoe.scott@example.com', '1112223333', '1234 Oak Ln', 10, 2, 3.0);

-- Thêm dữ liệu vào bảng classrooms
INSERT INTO classrooms (id, room_number, building, capacity) VALUES
 (1, '101', 'Building A', 50),
 (2, '202', 'Building B', 40),
 (3, '303', 'Building C', 30),
 (4, '104', 'Building A', 60),
 (5, '205', 'Building B', 45),
 (6, '306', 'Building C', 35),
 (7, '107', 'Building A', 55),
 (8, '208', 'Building B', 50),
 (9, '309', 'Building C', 40),
 (10, '110', 'Building A', 45),
 (11, '211', 'Building B', 60),
 (12, '312', 'Building C', 25),
 (13, '113', 'Building A', 70),
 (14, '214', 'Building B', 80),
 (15, '315', 'Building C', 50),
 (16, '116', 'Building A', 65),
 (17, '217', 'Building B', 75),
 (18, '318', 'Building C', 40),
 (19, '119', 'Building A', 55),
 (20, '220', 'Building B', 45),
 (21, '321', 'Building C', 60),
 (22, '122', 'Building A', 80),
 (23, '223', 'Building B', 50),
 (24, '324', 'Building C', 35),
 (25, '125', 'Building A', 60),
 (26, '226', 'Building B', 70),
 (27, '327', 'Building C', 45),
 (28, '128', 'Building A', 40),
 (29, '229', 'Building B', 65),
 (30, '330', 'Building C', 30),
 (31, '131', 'Building A', 75),
 (32, '232', 'Building B', 55),
 (33, '333', 'Building C', 50),
 (34, '134', 'Building A', 45),
 (35, '235', 'Building B', 40),
 (36, '336', 'Building C', 60),
 (37, '137', 'Building A', 65),
 (38, '238', 'Building B', 50),
 (39, '339', 'Building C', 30),
 (40, '140', 'Building A', 70),
 (41, '241', 'Building B', 45),
 (42, '342', 'Building C', 50),
 (43, '143', 'Building A', 55),
 (44, '244', 'Building B', 60),
 (45, '345', 'Building C', 40),
 (46, '146', 'Building A', 50),
 (47, '247', 'Building B', 55),
 (48, '348', 'Building C', 45),
 (49, '149', 'Building A', 60),
 (50, '250', 'Building B', 50),
 (51, '351', 'Building C', 70),
 (52, '152', 'Building A', 65),
 (53, '253', 'Building B', 40),
 (54, '354', 'Building C', 60),
 (55, '155', 'Building A', 50),
 (56, '256', 'Building B', 75),
 (57, '357', 'Building C', 45),
 (58, '158', 'Building A', 60),
 (59, '259', 'Building B', 55),
 (60, '360', 'Building C', 35),
 (61, '161', 'Building A', 70),
 (62, '262', 'Building B', 60),
 (63, '363', 'Building C', 50),
 (64, '164', 'Building A', 40),
 (65, '265', 'Building B', 45),
 (66, '366', 'Building C', 55),
 (67, '167', 'Building A', 50),
 (68, '268', 'Building B', 65),
 (69, '369', 'Building C', 45),
 (70, '170', 'Building A', 75),
 (71, '271', 'Building B', 60),
 (72, '372', 'Building C', 50),
 (73, '173', 'Building A', 80),
 (74, '274', 'Building B', 55),
 (75, '375', 'Building C', 45),
 (76, '176', 'Building A', 65),
 (77, '277', 'Building B', 40),
 (78, '378', 'Building C', 60),
 (79, '179', 'Building A', 50),
 (80, '280', 'Building B', 75),
 (81, '381', 'Building C', 45),
 (82, '182', 'Building A', 60),
 (83, '283', 'Building B', 50),
 (84, '384', 'Building C', 35),
 (85, '185', 'Building A', 70),
 (86, '286', 'Building B', 60),
 (87, '387', 'Building C', 50),
 (88, '188', 'Building A', 75),
 (89, '289', 'Building B', 55),
 (90, '390', 'Building C', 45),
 (91, '191', 'Building A', 65),
 (92, '292', 'Building B', 50),
 (93, '393', 'Building C', 60),
 (94, '194', 'Building A', 45),
 (95, '295', 'Building B', 40),
 (96, '396', 'Building C', 70),
 (97, '197', 'Building A', 55),
 (98, '298', 'Building B', 60),
 (99, '399', 'Building C', 45),
 (100, '200', 'Building A', 65);

-- Thêm dữ liệu vào bảng scholarships
INSERT INTO scholarships (id, scholarship_name, amount, student_id) VALUES
(1, 'Excellence Scholarship', 1500, 10000005),
(2, 'Merit-Based Scholarship', 1200, 10000008),
(3, 'Athletic Scholarship', 1800, 10000012),
(4, 'Academic Achievement Scholarship', 1000, 10000015),
(5, 'Community Service Scholarship', 1300, 10000018),
(6, 'Leadership Scholarship', 2000, 10000020),
(7, 'Innovation Scholarship', 1400, 10000022),
(8, 'International Student Scholarship', 1100, 10000025),
(9, 'Research Scholarship', 1600, 10000027),
(10, 'Full Ride Scholarship', 2500, 10000030),
(11, 'STEM Scholarship', 1700, 10000032),
(12, 'Talent Scholarship', 1400, 10000035),
(13, 'Honor Roll Scholarship', 1300, 10000038),
(14, 'Cultural Scholarship', 1500, 10000040),
(15, 'Environmental Scholarship', 1300, 10000042),
(16, 'Health & Wellness Scholarship', 1100, 10000045),
(17, 'Education Excellence Scholarship', 1000, 10000047),
(18, 'Performing Arts Scholarship', 1600, 10000050),
(19, 'Entrepreneurship Scholarship', 1200, 10000052),
(20, 'Literary Scholarship', 1400, 10000055),
(21, 'Social Impact Scholarship', 1500, 10000058),
(22, 'Civic Engagement Scholarship', 1300, 10000060),
(23, 'Technology Scholarship', 1700, 10000062),
(24, 'Sustainability Scholarship', 1400, 10000065),
(25, 'Science Research Scholarship', 1600, 10000068),
(26, 'Global Exchange Scholarship', 1800, 10000070),
(27, 'Computer Science Scholarship', 1100, 10000073),
(28, 'Humanities Scholarship', 1300, 10000075),
(29, 'Art Scholarship', 1500, 10000078),
(30, 'Mathematics Scholarship', 1200, 10000080),
(31, 'Culinary Arts Scholarship', 1600, 10000083),
(32, 'Music Scholarship', 1700, 10000085),
(33, 'Literature Scholarship', 1400, 10000088),
(34, 'Medical Scholarship', 2000, 10000090),
(35, 'Engineering Scholarship', 1500, 10000093),
(36, 'Business Leadership Scholarship', 1300, 10000095),
(37, 'Design Scholarship', 1100, 10000098),
(38, 'Global Leadership Scholarship', 1500, 10000002),
(39, 'Film Production Scholarship', 1400, 10000004),
(40, 'Psychology Scholarship', 1300, 10000007),
(41, 'Physics Scholarship', 1200, 10000009),
(42, 'Marketing Scholarship', 1100, 10000011),
(43, 'Digital Arts Scholarship', 1500, 10000013),
(44, 'Law Scholarship', 1600, 10000016),
(45, 'Philosophy Scholarship', 1400, 10000018),
(46, 'Chemistry Scholarship', 1300, 10000021),
(47, 'Political Science Scholarship', 1200, 10000023),
(48, 'Fashion Design Scholarship', 1500, 10000026),
(49, 'History Scholarship', 1100, 10000029),
(50, 'Accounting Scholarship', 1400, 10000031),
(51, 'International Relations Scholarship', 1600, 10000033),
(52, 'Nursing Scholarship', 1500, 10000036),
(53, 'Veterinary Science Scholarship', 1800, 10000039),
(54, 'Mathematical Sciences Scholarship', 1700, 10000041),
(55, 'Fine Arts Scholarship', 1300, 10000044),
(56, 'Anthropology Scholarship', 1500, 10000046),
(57, 'Sociology Scholarship', 1400, 10000049),
(58, 'Education Scholarship', 1100, 10000051),
(59, 'Economics Scholarship', 1200, 10000054),
(60, 'Journalism Scholarship', 1500, 10000056),
(61, 'Biology Scholarship', 1300, 10000059),
(62, 'Chemistry Research Scholarship', 1400, 10000061),
(63, 'Architecture Scholarship', 1600, 10000064),
(64, 'Geography Scholarship', 1700, 10000067),
(65, 'Linguistics Scholarship', 1100, 10000069),
(66, 'Space Science Scholarship', 1500, 10000071),
(67, 'Public Policy Scholarship', 1200, 10000074),
(68, 'Mathematics Research Scholarship', 1300, 10000076),
(69, 'Medical Research Scholarship', 1600, 10000079),
(70, 'Computer Engineering Scholarship', 1700, 10000081),
(71, 'History Research Scholarship', 1400, 10000083),
(72, 'Sociology Research Scholarship', 1500, 10000086),
(73, 'Entrepreneurship Innovation Scholarship', 1600, 10000088),
(74, 'Nursing Leadership Scholarship', 1400, 10000091),
(75, 'Philosophy Research Scholarship', 1200, 10000093),
(76, 'Literary Arts Scholarship', 1300, 10000095),
(77, 'Political Studies Scholarship', 1500, 10000097),
(78, 'Environmental Science Scholarship', 1400, 10000100),
(79, 'Chemical Engineering Scholarship', 1200, 10000003),
(80, 'Biotechnology Scholarship', 1600, 10000006),
(81, 'Physics Research Scholarship', 1300, 10000008),
(82, 'Law and Justice Scholarship', 1100, 10000010),
(83, 'Medical Assistance Scholarship', 1500, 10000013),
(84, 'Agricultural Science Scholarship', 1400, 10000015),
(85, 'Health Sciences Scholarship', 1200, 10000018),
(86, 'Environmental Design Scholarship', 1600, 10000020),
(87, 'Sports Science Scholarship', 1300, 10000023),
(88, 'Liberal Arts Scholarship', 1100, 10000025),
(89, 'Architectural Engineering Scholarship', 1500, 10000028),
(90, 'Social Science Scholarship', 1200, 10000030),
(91, 'Media and Communications Scholarship', 1300, 10000032),
(92, 'Public Health Scholarship', 1400, 10000034),
(93, 'Geological Science Scholarship', 1500, 10000036),
(94, 'Marine Biology Scholarship', 1200, 10000039),
(95, 'Theater Arts Scholarship', 1300, 10000041),
(96, 'Psychiatry Scholarship', 1400, 10000043),
(97, 'Public Administration Scholarship', 1500, 10000046),
(98, 'Behavioral Science Scholarship', 1200, 10000048),
(99, 'Urban Studies Scholarship', 1300, 10000051),
(100, 'Sociology and Anthropology Scholarship', 1100, 10000053);

-- Thêm dữ liệu vào bảng enrollments
INSERT INTO enrollments (student_id, course_id, enrollment_date, grade) VALUES
(10000001, 1, '2024-09-01', 3.5),
(10000002, 2, '2024-09-02', 3.7),
(10000003, 3, '2024-09-03', 2.8),
(10000004, 4, '2024-09-04', 3.2),
(10000005, 5, '2024-09-05', 4.0),
(10000006, 6, '2024-09-06', 2.9),
(10000007, 7, '2024-09-07', 3.1),
(10000008, 8, '2024-09-08', 2.6),
(10000009, 9, '2024-09-09', 3.0),
(10000010, 10, '2024-09-10', 3.9),
(10000011, 11, '2024-09-11', 2.7),
(10000012, 12, '2024-09-12', 3.6),
(10000013, 13, '2024-09-13', 3.3),
(10000014, 14, '2024-09-14', 3.8),
(10000015, 15, '2024-09-15', 3.4),
(10000016, 16, '2024-09-16', 3.5),
(10000017, 17, '2024-09-17', 2.8),
(10000018, 18, '2024-09-18', 2.9),
(10000019, 19, '2024-09-19', 3.0),
(10000020, 20, '2024-09-20', 3.7),
(10000021, 21, '2024-09-21', 3.4),
(10000022, 22, '2024-09-22', 3.3),
(10000023, 23, '2024-09-23', 3.2),
(10000024, 24, '2024-09-24', 2.5),
(10000025, 25, '2024-09-25', 2.7),
(10000026, 26, '2024-09-26', 3.0),
(10000027, 27, '2024-09-27', 2.9),
(10000028, 28, '2024-09-28', 3.4),
(10000029, 29, '2024-09-29', 3.8),
(10000030, 30, '2024-09-30', 3.1),
(10000031, 31, '2024-10-01', 3.6),
(10000032, 32, '2024-10-02', 2.7),
(10000033, 33, '2024-10-03', 2.6),
(10000034, 34, '2024-10-04', 3.8),
(10000035, 35, '2024-10-05', 3.2),
(10000036, 36, '2024-10-06', 3.5),
(10000037, 37, '2024-10-07', 2.9),
(10000038, 38, '2024-10-08', 3.3),
(10000039, 39, '2024-10-09', 3.7),
(10000040, 40, '2024-10-10', 3.4),
(10000041, 41, '2024-10-11', 3.1),
(10000042, 42, '2024-10-12', 3.0),
(10000043, 43, '2024-10-13', 3.5),
(10000044, 44, '2024-10-14', 3.9),
(10000045, 45, '2024-10-15', 3.2),
(10000046, 46, '2024-10-16', 2.8),
(10000047, 47, '2024-10-17', 3.1),
(10000048, 48, '2024-10-18', 3.4),
(10000049, 49, '2024-10-19', 2.7),
(10000050, 50, '2024-10-20', 3.6),
(10000051, 51, '2024-10-21', 3.8),
(10000052, 52, '2024-10-22', 2.5),
(10000053, 53, '2024-10-23', 3.0),
(10000054, 54, '2024-10-24', 3.7),
(10000055, 55, '2024-10-25', 3.3),
(10000056, 56, '2024-10-26', 3.1),
(10000057, 57, '2024-10-27', 3.4),
(10000058, 58, '2024-10-28', 3.2),
(10000059, 59, '2024-10-29', 2.9),
(10000060, 60, '2024-10-30', 2.6),
(10000061, 61, '2024-11-01', 3.1),
(10000062, 62, '2024-11-02', 3.9),
(10000063, 63, '2024-11-03', 3.2),
(10000064, 64, '2024-11-04', 2.8),
(10000065, 65, '2024-11-05', 3.5),
(10000066, 66, '2024-11-06', 3.3),
(10000067, 67, '2024-11-07', 2.7),
(10000068, 68, '2024-11-08', 2.9),
(10000069, 69, '2024-11-09', 3.4),
(10000070, 70, '2024-11-10', 3.0),
(10000071, 71, '2024-11-11', 3.1),
(10000072, 72, '2024-11-12', 3.3),
(10000073, 73, '2024-11-13', 3.7),
(10000074, 74, '2024-11-14', 3.2),
(10000075, 75, '2024-11-15', 3.6),
(10000076, 76, '2024-11-16', 3.8),
(10000077, 77, '2024-11-17', 3.0),
(10000078, 78, '2024-11-18', 2.6),
(10000079, 79, '2024-11-19', 3.5),
(10000080, 80, '2024-11-20', 2.9),
(10000081, 81, '2024-11-21', 3.1),
(10000082, 82, '2024-11-22', 3.4),
(10000083, 83, '2024-11-23', 3.6),
(10000084, 84, '2024-11-24', 2.8),
(10000085, 85, '2024-11-25', 3.3),
(10000086, 86, '2024-11-26', 3.2),
(10000087, 87, '2024-11-27', 3.5),
(10000088, 88, '2024-11-28', 3.7),
(10000089, 89, '2024-11-29', 3.1),
(10000090, 90, '2024-11-30', 3.4),
(10000091, 91, '2024-12-01', 3.2),
(10000092, 92, '2024-12-02', 2.7),
(10000093, 93, '2024-12-03', 3.1),
(10000094, 94, '2024-12-04', 3.3),
(10000095, 95, '2024-12-05', 2.9),
(10000096, 96, '2024-12-06', 3.0),
(10000097, 97, '2024-12-07', 3.7),
(10000098, 98, '2024-12-08', 2.6),
(10000099, 99, '2024-12-09', 3.5),
(10000100, 100, '2024-12-10', 3.2);


-- Thêm dữ liệu vào bảng course_schedule
INSERT INTO course_schedule (id, course_id, classroom_id, day_of_week, start_time, end_time) VALUES
(1, 1, 1, 'Monday', '08:00:00', '10:00:00'),
(2, 2, 1, 'Wednesday', '10:00:00', '12:00:00'),
(3, 3, 2, 'Friday', '09:00:00', '11:00:00'),
(4, 4, 3, 'Tuesday', '14:00:00', '16:00:00'),
(5, 5, 1, 'Monday', '10:00:00', '12:00:00'),
(6, 6, 2, 'Tuesday', '08:00:00', '10:00:00'),
(7, 7, 3, 'Wednesday', '14:00:00', '16:00:00'),
(8, 8, 1, 'Thursday', '09:00:00', '11:00:00'),
(9, 9, 2, 'Friday', '13:00:00', '15:00:00'),
(10, 10, 3, 'Monday', '14:00:00', '16:00:00'),
(11, 11, 1, 'Tuesday', '10:00:00', '12:00:00'),
(12, 12, 2, 'Wednesday', '08:00:00', '10:00:00'),
(13, 13, 3, 'Thursday', '11:00:00', '13:00:00'),
(14, 14, 1, 'Friday', '15:00:00', '17:00:00'),
(15, 15, 2, 'Monday', '08:00:00', '10:00:00'),
(16, 16, 3, 'Tuesday', '14:00:00', '16:00:00'),
(17, 17, 1, 'Wednesday', '10:00:00', '12:00:00'),
(18, 18, 2, 'Thursday', '09:00:00', '11:00:00'),
(19, 19, 3, 'Friday', '13:00:00', '15:00:00'),
(20, 20, 1, 'Monday', '14:00:00', '16:00:00'),
(21, 21, 2, 'Tuesday', '08:00:00', '10:00:00'),
(22, 22, 3, 'Wednesday', '13:00:00', '15:00:00'),
(23, 23, 1, 'Thursday', '14:00:00', '16:00:00'),
(24, 24, 2, 'Friday', '09:00:00', '11:00:00'),
(25, 25, 3, 'Monday', '10:00:00', '12:00:00'),
(26, 26, 1, 'Tuesday', '13:00:00', '15:00:00'),
(27, 27, 2, 'Wednesday', '09:00:00', '11:00:00'),
(28, 28, 3, 'Thursday', '08:00:00', '10:00:00'),
(29, 29, 1, 'Friday', '11:00:00', '13:00:00'),
(30, 30, 2, 'Monday', '09:00:00', '11:00:00'),
(31, 31, 3, 'Tuesday', '15:00:00', '17:00:00'),
(32, 32, 1, 'Wednesday', '14:00:00', '16:00:00'),
(33, 33, 2, 'Thursday', '10:00:00', '12:00:00'),
(34, 34, 3, 'Friday', '08:00:00', '10:00:00'),
(35, 35, 1, 'Monday', '13:00:00', '15:00:00'),
(36, 36, 2, 'Tuesday', '09:00:00', '11:00:00'),
(37, 37, 3, 'Wednesday', '15:00:00', '17:00:00'),
(38, 38, 1, 'Thursday', '08:00:00', '10:00:00'),
(39, 39, 2, 'Friday', '13:00:00', '15:00:00'),
(40, 40, 3, 'Monday', '11:00:00', '13:00:00'),
(41, 41, 1, 'Tuesday', '14:00:00', '16:00:00'),
(42, 42, 2, 'Wednesday', '08:00:00', '10:00:00'),
(43, 43, 3, 'Thursday', '10:00:00', '12:00:00'),
(44, 44, 1, 'Friday', '09:00:00', '11:00:00'),
(45, 45, 2, 'Monday', '08:00:00', '10:00:00'),
(46, 46, 3, 'Tuesday', '10:00:00', '12:00:00'),
(47, 47, 1, 'Wednesday', '11:00:00', '13:00:00'),
(48, 48, 2, 'Thursday', '13:00:00', '15:00:00'),
(49, 49, 3, 'Friday', '14:00:00', '16:00:00'),
(50, 50, 1, 'Monday', '10:00:00', '12:00:00'),
(51, 51, 2, 'Tuesday', '08:00:00', '10:00:00'),
(52, 52, 3, 'Wednesday', '15:00:00', '17:00:00'),
(53, 53, 1, 'Thursday', '09:00:00', '11:00:00'),
(54, 54, 2, 'Friday', '08:00:00', '10:00:00'),
(55, 55, 3, 'Monday', '14:00:00', '16:00:00'),
(56, 56, 1, 'Tuesday', '13:00:00', '15:00:00'),
(57, 57, 2, 'Wednesday', '09:00:00', '11:00:00'),
(58, 58, 3, 'Thursday', '08:00:00', '10:00:00'),
(59, 59, 1, 'Friday', '10:00:00', '12:00:00'),
(60, 60, 2, 'Monday', '13:00:00', '15:00:00'),
(61, 61, 3, 'Tuesday', '08:00:00', '10:00:00'),
(62, 62, 1, 'Wednesday', '14:00:00', '16:00:00'),
(63, 63, 2, 'Thursday', '09:00:00', '11:00:00'),
(64, 64, 3, 'Friday', '13:00:00', '15:00:00'),
(65, 65, 1, 'Monday', '10:00:00', '12:00:00'),
(66, 66, 2, 'Tuesday', '14:00:00', '16:00:00'),
(67, 67, 3, 'Wednesday', '08:00:00', '10:00:00'),
(68, 68, 1, 'Thursday', '15:00:00', '17:00:00'),
(69, 69, 2, 'Friday', '11:00:00', '13:00:00'),
(70, 70, 3, 'Monday', '13:00:00', '15:00:00'),
(71, 71, 1, 'Tuesday', '10:00:00', '12:00:00'),
(72, 72, 2, 'Wednesday', '09:00:00', '11:00:00'),
(73, 73, 3, 'Thursday', '14:00:00', '16:00:00'),
(74, 74, 1, 'Friday', '10:00:00', '12:00:00'),
(75, 75, 2, 'Monday', '13:00:00', '15:00:00'),
(76, 76, 3, 'Tuesday', '08:00:00', '10:00:00'),
(77, 77, 1, 'Wednesday', '14:00:00', '16:00:00'),
(78, 78, 2, 'Thursday', '13:00:00', '15:00:00'),
(79, 79, 3, 'Friday', '11:00:00', '13:00:00'),
(80, 80, 1, 'Monday', '14:00:00', '16:00:00'),
(81, 81, 2, 'Tuesday', '13:00:00', '15:00:00'),
(82, 82, 3, 'Wednesday', '08:00:00', '10:00:00'),
(83, 83, 1, 'Thursday', '09:00:00', '11:00:00'),
(84, 84, 2, 'Friday', '14:00:00', '16:00:00'),
(85, 85, 3, 'Monday', '09:00:00', '11:00:00'),
(86, 86, 1, 'Tuesday', '10:00:00', '12:00:00'),
(87, 87, 2, 'Wednesday', '13:00:00', '15:00:00'),
(88, 88, 3, 'Thursday', '14:00:00', '16:00:00'),
(89, 89, 1, 'Friday', '13:00:00', '15:00:00'),
(90, 90, 2, 'Monday', '11:00:00', '13:00:00'),
(91, 91, 3, 'Tuesday', '14:00:00', '16:00:00'),
(92, 92, 1, 'Wednesday', '08:00:00', '10:00:00'),
(93, 93, 2, 'Thursday', '10:00:00', '12:00:00'),
(94, 94, 3, 'Friday', '09:00:00', '11:00:00'),
(95, 95, 1, 'Monday', '10:00:00', '12:00:00'),
(96, 96, 2, 'Tuesday', '08:00:00', '10:00:00'),
(97, 97, 3, 'Wednesday', '13:00:00', '15:00:00'),
(98, 98, 1, 'Thursday', '15:00:00', '17:00:00'),
(99, 99, 2, 'Friday', '14:00:00', '16:00:00'),
(100, 100, 3, 'Monday', '11:00:00', '13:00:00');
