create database manage_student;
use manage_student;
-- tao bang majors
CREATE TABLE majors (
    major_name VARCHAR(100),  -- Tên ngành (VD: Computer Science)
    description TEXT,
     id INT PRIMARY KEY AUTO_INCREMENT
);
-- tao bang departments
CREATE TABLE departments (
    department_name VARCHAR(100),
    location VARCHAR(100),
     id INT PRIMARY KEY AUTO_INCREMENT
);
-- tao bang teachers
CREATE TABLE teachers (
    first_name VARCHAR(50),
    last_name VARCHAR(50),
    email VARCHAR(100),
    phone_number VARCHAR(20),
    department_id INT,
    CONSTRAINT fk_department FOREIGN KEY (department_id) REFERENCES departments(id),
    id INT PRIMARY KEY AUTO_INCREMENT
);
-- tao bang classes
CREATE TABLE classes (
    class_name VARCHAR(50),  -- Tên lớp (VD: CS1, CS2)
    class_description VARCHAR(255),
    id INT PRIMARY KEY AUTO_INCREMENT
);
-- tao bang courses
CREATE TABLE courses (
    course_name VARCHAR(100),
    course_code VARCHAR(20),  -- Mã lớp học (VD: CS1, CS2)
    credits INT,
    major_id INT,  -- Khóa học thuộc ngành nào
    teacher_id INT,
    CONSTRAINT fk_major_course FOREIGN KEY (major_id) REFERENCES majors(id),
    CONSTRAINT fk_teacher FOREIGN KEY (teacher_id) REFERENCES teachers(id),
     id INT PRIMARY KEY AUTO_INCREMENT
);
-- tao bang students
CREATE TABLE students (
    first_name VARCHAR(50),
    last_name VARCHAR(50),
    date_of_birth DATE,
    email VARCHAR(100),
    phone_number VARCHAR(20),
    address VARCHAR(255),
    class_id INT,  -- Liên kết với bảng class
    major_id INT,  -- Liên kết với ngành học
    gpa DECIMAL(3, 2),  -- Thang điểm 4
    CONSTRAINT fk_class FOREIGN KEY (class_id) REFERENCES classes(id),
    CONSTRAINT fk_major FOREIGN KEY (major_id) REFERENCES majors(id),
     id INT PRIMARY KEY AUTO_INCREMENT
);
-- tao bang classrooms
CREATE TABLE classrooms (
    room_number VARCHAR(10),
    building VARCHAR(100),
    capacity INT,
     id INT PRIMARY KEY AUTO_INCREMENT
);
-- tao bang enrollments
CREATE TABLE enrollments (
    student_id INT,
    course_id INT,
    enrollment_date DATE,
    grade DECIMAL(3, 2),  -- Điểm số cho khóa học (thang điểm 4)
    PRIMARY KEY (student_id, course_id),
    CONSTRAINT fk_student FOREIGN KEY (student_id) REFERENCES students(id),
    CONSTRAINT fk_course FOREIGN KEY (course_id) REFERENCES courses(id)
);
-- tao bang grades
CREATE TABLE grades (
    student_id INT,
    course_id INT,
    grade DECIMAL(3, 2),  -- Điểm của sinh viên trong từng lớp (thang điểm 4)
    CONSTRAINT fk_grade_student FOREIGN KEY (student_id) REFERENCES students(id),
    CONSTRAINT fk_grade_course FOREIGN KEY (course_id) REFERENCES courses(id),
      id INT PRIMARY KEY AUTO_INCREMENT
);
-- tao bang course_schedule
CREATE TABLE course_schedule (
    course_id INT,
    classroom_id INT,
    day_of_week VARCHAR(20),
    start_time TIME,
    end_time TIME,
    CONSTRAINT fk_schedule_course FOREIGN KEY (course_id) REFERENCES courses(id),
    CONSTRAINT fk_schedule_classroom FOREIGN KEY (classroom_id) REFERENCES classrooms(id),
      id INT PRIMARY KEY AUTO_INCREMENT
);
-- tao bang scholarships
CREATE TABLE scholarships (
    scholarship_name VARCHAR(100),
    amount DECIMAL(10, 2),
    student_id INT,
    CONSTRAINT fk_scholarship_student FOREIGN KEY (student_id) REFERENCES students(id),
    id INT PRIMARY KEY AUTO_INCREMENT
);
-- tao du lieu mau cho bang major
INSERT INTO majors (major_name, description) VALUES
('Computer Science', 'Study of computer systems and computation.'),
('Information Technology', 'Focus on computer systems and networks.'),
('Software Engineering', 'Development and maintenance of software.'),
('Data Science', 'Analysis of complex data sets.'),
('Cybersecurity', 'Protection of computer systems from cyber threats.'),
('Computer Engineering', 'Integration of computer science and electrical engineering.'),
('Web Development', 'Building and maintaining websites.'),
('Artificial Intelligence', 'Creation of intelligent agents.'),
('Machine Learning', 'Algorithms that improve through experience.'),
('Information Systems', 'Integration of IT solutions and business processes.'),
('Network Administration', 'Management of computer networks.'),
('Cloud Computing', 'Delivery of computing services over the internet.'),
('Game Development', 'Design and creation of video games.'),
('Mobile App Development', 'Creating applications for mobile devices.'),
('Database Management', 'Storage and management of data.'),
('Digital Marketing', 'Promotion of products or brands via digital channels.'),
('UI/UX Design', 'User interface and user experience design.'),
('Business Analytics', 'Using data analysis for business insights.'),
('Human-Computer Interaction', 'Designing user-friendly interfaces.'),
('Robotics', 'Design and operation of robots.'),
('Bioinformatics', 'Application of IT in the biological sciences.'),
('Health Informatics', 'Managing health data using IT.'),
('IT Project Management', 'Managing IT projects.'),
('Virtual Reality', 'Creating immersive digital environments.'),
('Quantum Computing', 'Computing using quantum-mechanical phenomena.'),
('Computational Biology', 'Application of computer science to biology.'),
('Network Security', 'Protection of networks from intrusions.'),
('IT Governance', 'Framework for ensuring that IT supports business goals.'),
('Blockchain Technology', 'Distributed ledger technology.'),
('Data Visualization', 'Representing data graphically.'),
('E-commerce', 'Buying and selling goods online.'),
('Digital Forensics', 'Recovery and investigation of material found in digital devices.'),
('Cloud Security', 'Protecting data stored in cloud computing.'),
('Agile Methodologies', 'Iterative approach to software development.'),
('SEO Optimization', 'Improving website visibility on search engines.'),
('Social Media Management', 'Creating and managing social media content.'),
('Data Engineering', 'Designing and building systems for collecting data.'),
('System Administration', 'Managing and maintaining computer systems.'),
('Ethical Hacking', 'Legally breaking into systems to test security.'),
('Computer Graphics', 'Creation and manipulation of visual images.'),
('3D Modeling', 'Creating three-dimensional representations.'),
('Mobile Security', 'Protecting mobile devices from threats.'),
('Wearable Technology', 'Design and use of wearable devices.'),
('Internet of Things', 'Network of physical objects connected to the internet.'),
('Digital Media', 'Creation and management of digital content.'),
('Augmented Reality', 'Overlaying digital information on the real world.'),
('Data Mining', 'Discovering patterns in large data sets.'),
('Business Intelligence', 'Analyzing data to support business decision-making.'),
('Information Assurance', 'Ensuring information security and availability.'),
('Digital Innovation', 'Driving innovation through digital solutions.'),
('Telecommunications', 'Communication over distances by cable, telegraph, telephone, or broadcasting.'),
('Computer Vision', 'Enabling computers to interpret visual information.'),
('Cloud Infrastructure', 'Foundational technologies for cloud computing.'),
('Technical Writing', 'Writing manuals and documents for technical fields.'),
('Game Design', 'Creative design of video games.'),
('Information Retrieval', 'Finding relevant information from a large repository.'),
('Information Technology Management', 'Managing IT resources.'),
('Digital Transformation', 'Integration of digital technology into all areas of business.'),
('Business Computing', 'Use of computers in business applications.'),
('Health Technology', 'Technology used in health services.'),
('Smart Technologies', 'Technologies that improve everyday tasks.'),
('Online Learning', 'Education via the internet.'),
('E-Learning', 'Learning conducted via electronic media.'),
('Sustainable IT', 'Environmentally sustainable technology practices.'),
('AI Ethics', 'Ethical implications of artificial intelligence.'),
('Digital Strategy', 'Planning for digital transformation.'),
('Human Factors Engineering', 'Designing systems for human use.'),
('Business Law', 'Legal aspects of business practices.'),
('Supply Chain Management', 'Managing the flow of goods and services.'),
('Sales Management', 'Managing a company\'s sales strategy.'),
('Marketing Management', 'Planning and executing marketing strategies.'),
('Entrepreneurship', 'Starting and managing a new business.'),
('Project Management', 'Planning and executing projects.'),
('International Business', 'Business operations across international borders.'),
('Finance', 'Management of money and investments.'),
('Economics', 'Study of the production, distribution, and consumption of goods.'),
('Statistics', 'Study of data collection, analysis, interpretation, and presentation.'),
('Psychology', 'Study of behavior and mental processes.'),
('Sociology', 'Study of social behavior and society.'),
('Political Science', 'Study of politics and government.'),
('Philosophy', 'Study of fundamental questions about existence, knowledge, and ethics.'),
('History', 'Study of past events.'),
('Linguistics', 'Study of language.'),
('Literature', 'Study of written works.'),
('Art History', 'Study of art and its development.'),
('Music', 'Study of music and its composition.'),
('Theater Arts', 'Study of drama and performance.'),
('Fine Arts', 'Study of visual arts and creativity.'),
('Design', 'Study of design principles and practices.'),
('Architecture', 'Study of building design and construction.'),
('Interior Design', 'Designing interior spaces.'),
('Fashion Design', 'Creating clothing and accessories.'),
('Graphic Design', 'Creating visual content.'),
('Photography', 'Art of capturing images.'),
('Culinary Arts', 'Art of cooking and food preparation.'),
('Hospitality Management', 'Managing the hospitality industry.'),
('Public Relations', 'Managing communication between an organization and its publics.'),
('Sports Management', 'Managing sports teams and events.'),
('Event Management', 'Planning and organizing events.'),
('Media Studies', 'Study of media and its impact on society.'),
('Environmental Science', 'Study of the environment and solutions to environmental issues.'),
('Urban Planning', 'Designing and regulating the use of land in urban areas.'),
('Real Estate', 'Study of property management and transactions.'),
('Public Policy', 'Analysis and evaluation of public policies.'),
('Nonprofit Management', 'Managing nonprofit organizations.'),
('Insurance', 'Study of risk management and financial protection.'),
('Accounting', 'Study of financial transactions and reporting.'),
('Information Security', 'Protection of information systems from theft or damage.'),
('Financial Planning', 'Developing strategies for managing financial resources.'),
('Investment Management', 'Managing investment portfolios.'),
('Taxation', 'Study of tax laws and regulations.'),
('Actuarial Science', 'Assessment of financial risks using mathematics and statistics.'),
('Logistics', 'Planning and managing the flow of goods and services.'),
('Quality Management', 'Ensuring that an organization meets customer and regulatory requirements.'),
('Manufacturing Engineering', 'Designing and improving manufacturing processes.'),
('Construction Management', 'Planning and managing construction projects.'),
('Transportation Management', 'Managing transportation systems and logistics.'),
('Electrical Engineering', 'Study of electrical systems and applications.'),
('Mechanical Engineering', 'Study of mechanical systems and machinery.'),
('Civil Engineering', 'Design and construction of infrastructure projects.'),
('Chemical Engineering', 'Study of chemical processes and materials.'),
('Industrial Engineering', 'Optimization of complex processes and systems.'),
('Aerospace Engineering', 'Design and development of aircraft and spacecraft.'),
('Materials Science', 'Study of materials and their properties.'),
('Nuclear Engineering', 'Study of nuclear processes and applications.'),
('Mining Engineering', 'Extraction of minerals from the earth.'),
('Petroleum Engineering', 'Study of oil and gas extraction and production.'),
('Agricultural Engineering', 'Design of agricultural equipment and systems.'),
('Biochemical Engineering', 'Application of chemical engineering principles to biological systems.'),
('Marine Engineering', 'Design and maintenance of ships and marine structures.');
-- tao du lieu mau cho departments
INSERT INTO departments (department_name, location) VALUES
('Computer Science Department', 'Building A, Room 101'),
('Information Technology Department', 'Building B, Room 201'),
('Software Engineering Department', 'Building C, Room 102'),
('Data Science Department', 'Building A, Room 202'),
('Cybersecurity Department', 'Building D, Room 301'),
('Computer Engineering Department', 'Building E, Room 103'),
('Web Development Department', 'Building F, Room 201'),
('Artificial Intelligence Department', 'Building A, Room 103'),
('Machine Learning Department', 'Building B, Room 202'),
('Information Systems Department', 'Building C, Room 301'),
('Network Administration Department', 'Building D, Room 104'),
('Cloud Computing Department', 'Building E, Room 204'),
('Game Development Department', 'Building F, Room 105'),
('Mobile App Development Department', 'Building A, Room 105'),
('Database Management Department', 'Building B, Room 106'),
('Digital Marketing Department', 'Building C, Room 202'),
('UI/UX Design Department', 'Building D, Room 106'),
('Business Analytics Department', 'Building E, Room 205'),
('Human-Computer Interaction Department', 'Building F, Room 107'),
('Robotics Department', 'Building A, Room 106'),
('Bioinformatics Department', 'Building B, Room 107'),
('Health Informatics Department', 'Building C, Room 203'),
('IT Project Management Department', 'Building D, Room 107'),
('Virtual Reality Department', 'Building E, Room 206'),
('Quantum Computing Department', 'Building F, Room 108'),
('Computational Biology Department', 'Building A, Room 108'),
('Network Security Department', 'Building B, Room 109'),
('IT Governance Department', 'Building C, Room 204'),
('Blockchain Technology Department', 'Building D, Room 108'),
('Data Visualization Department', 'Building E, Room 207'),
('E-commerce Department', 'Building F, Room 109'),
('Digital Forensics Department', 'Building A, Room 109'),
('Cloud Security Department', 'Building B, Room 110'),
('Agile Methodologies Department', 'Building C, Room 205'),
('SEO Optimization Department', 'Building D, Room 109'),
('Social Media Management Department', 'Building E, Room 208'),
('Data Engineering Department', 'Building F, Room 110'),
('System Administration Department', 'Building A, Room 110'),
('Ethical Hacking Department', 'Building B, Room 111'),
('Computer Graphics Department', 'Building C, Room 206'),
('3D Modeling Department', 'Building D, Room 110'),
('Mobile Security Department', 'Building E, Room 209'),
('Wearable Technology Department', 'Building F, Room 111'),
('Internet of Things Department', 'Building A, Room 111'),
('Digital Media Department', 'Building B, Room 112'),
('Augmented Reality Department', 'Building C, Room 207'),
('Data Mining Department', 'Building D, Room 111'),
('Business Intelligence Department', 'Building E, Room 210'),
('Information Assurance Department', 'Building F, Room 112'),
('Digital Innovation Department', 'Building A, Room 112'),
('Telecommunications Department', 'Building B, Room 113'),
('Computer Vision Department', 'Building C, Room 208'),
('Cloud Infrastructure Department', 'Building D, Room 112'),
('Technical Writing Department', 'Building E, Room 211'),
('Game Design Department', 'Building F, Room 113'),
('Information Retrieval Department', 'Building A, Room 113'),
('Information Technology Management Department', 'Building B, Room 114'),
('Digital Transformation Department', 'Building C, Room 209'),
('Business Computing Department', 'Building D, Room 113'),
('Health Technology Department', 'Building E, Room 212'),
('Smart Technologies Department', 'Building F, Room 114'),
('Online Learning Department', 'Building A, Room 114'),
('E-Learning Department', 'Building B, Room 115'),
('Sustainable IT Department', 'Building C, Room 210'),
('AI Ethics Department', 'Building D, Room 114'),
('Digital Strategy Department', 'Building E, Room 213'),
('Human Factors Engineering Department', 'Building F, Room 115'),
('Business Law Department', 'Building A, Room 115'),
('Supply Chain Management Department', 'Building B, Room 116'),
('Sales Management Department', 'Building C, Room 211'),
('Marketing Management Department', 'Building D, Room 115'),
('Entrepreneurship Department', 'Building E, Room 214'),
('Project Management Department', 'Building F, Room 116'),
('International Business Department', 'Building A, Room 116'),
('Finance Department', 'Building B, Room 117'),
('Economics Department', 'Building C, Room 212'),
('Statistics Department', 'Building D, Room 116'),
('Psychology Department', 'Building E, Room 215'),
('Sociology Department', 'Building F, Room 117'),
('Political Science Department', 'Building A, Room 117'),
('Philosophy Department', 'Building B, Room 118'),
('History Department', 'Building C, Room 213'),
('Linguistics Department', 'Building D, Room 117'),
('Literature Department', 'Building E, Room 216'),
('Art History Department', 'Building F, Room 118'),
('Music Department', 'Building A, Room 118'),
('Theater Arts Department', 'Building B, Room 119'),
('Fine Arts Department', 'Building C, Room 214'),
('Design Department', 'Building D, Room 118'),
('Architecture Department', 'Building E, Room 217'),
('Interior Design Department', 'Building F, Room 119'),
('Fashion Design Department', 'Building A, Room 119'),
('Graphic Design Department', 'Building B, Room 120'),
('Photography Department', 'Building C, Room 215'),
('Culinary Arts Department', 'Building D, Room 119'),
('Hospitality Management Department', 'Building E, Room 218'),
('Public Relations Department', 'Building F, Room 120'),
('Sports Management Department', 'Building A, Room 120'),
('Event Management Department', 'Building B, Room 121'),
('Media Studies Department', 'Building C, Room 216'),
('Environmental Science Department', 'Building D, Room 120'),
('Urban Planning Department', 'Building E, Room 219'),
('Real Estate Department', 'Building F, Room 121'),
('Public Policy Department', 'Building A, Room 121'),
('Nonprofit Management Department', 'Building B, Room 122'),
('Insurance Department', 'Building C, Room 217'),
('Accounting Department', 'Building D, Room 121'),
('Information Security Department', 'Building E, Room 220'),
('Financial Planning Department', 'Building F, Room 122'),
('Investment Management Department', 'Building A, Room 122'),
('Taxation Department', 'Building B, Room 123'),
('Actuarial Science Department', 'Building C, Room 218'),
('Logistics Department', 'Building D, Room 122'),
('Quality Management Department', 'Building E, Room 221'),
('Manufacturing Engineering Department', 'Building F, Room 123'),
('Construction Management Department', 'Building A, Room 123'),
('Transportation Management Department', 'Building B, Room 124'),
('Electrical Engineering Department', 'Building C, Room 219'),
('Mechanical Engineering Department', 'Building D, Room 123'),
('Civil Engineering Department', 'Building E, Room 222'),
('Chemical Engineering Department', 'Building F, Room 124'),
('Industrial Engineering Department', 'Building A, Room 124'),
('Aerospace Engineering Department', 'Building B, Room 125'),
('Materials Science Department', 'Building C, Room 220'),
('Nuclear Engineering Department', 'Building D, Room 124'),
('Mining Engineering Department', 'Building E, Room 223'),
('Petroleum Engineering Department', 'Building F, Room 125'),
('Agricultural Engineering Department', 'Building A, Room 125'),
('Biochemical Engineering Department', 'Building B, Room 126'),
('Marine Engineering Department', 'Building C, Room 221');
-- tao du lieu mau cho teachers
INSERT INTO teachers (first_name, last_name, email, phone_number, department_id) VALUES
('John', 'Doe', 'john.doe@example.com', '123-456-7890', 1),
('Jane', 'Smith', 'jane.smith@example.com', '234-567-8901', 1),
('Emily', 'Johnson', 'emily.johnson@example.com', '345-678-9012', 2),
('Michael', 'Williams', 'michael.williams@example.com', '456-789-0123', 2),
('Jessica', 'Brown', 'jessica.brown@example.com', '567-890-1234', 3),
('David', 'Jones', 'david.jones@example.com', '678-901-2345', 3),
('Sarah', 'Garcia', 'sarah.garcia@example.com', '789-012-3456', 4),
('Daniel', 'Martinez', 'daniel.martinez@example.com', '890-123-4567', 4),
('Laura', 'Rodriguez', 'laura.rodriguez@example.com', '901-234-5678', 5),
('Matthew', 'Hernandez', 'matthew.hernandez@example.com', '012-345-6789', 5),
('Michelle', 'Lopez', 'michelle.lopez@example.com', '123-456-7891', 6),
('Joshua', 'Gonzalez', 'joshua.gonzalez@example.com', '234-567-8902', 6),
('Linda', 'Wilson', 'linda.wilson@example.com', '345-678-9013', 7),
('Robert', 'Anderson', 'robert.anderson@example.com', '456-789-0124', 7),
('Patricia', 'Thomas', 'patricia.thomas@example.com', '567-890-1235', 8),
('Charles', 'Taylor', 'charles.taylor@example.com', '678-901-2346', 8),
('Barbara', 'Moore', 'barbara.moore@example.com', '789-012-3457', 9),
('James', 'Jackson', 'james.jackson@example.com', '890-123-4568', 9),
('Elizabeth', 'Martin', 'elizabeth.martin@example.com', '901-234-5679', 10),
('Joseph', 'Lee', 'joseph.lee@example.com', '012-345-6780', 10),
('Mary', 'Perez', 'mary.perez@example.com', '123-456-7892', 1),
('Daniel', 'Thompson', 'daniel.thompson@example.com', '234-567-8903', 1),
('Nancy', 'White', 'nancy.white@example.com', '345-678-9014', 2),
('Charles', 'Harris', 'charles.harris@example.com', '456-789-0125', 2),
('Sandra', 'Sanchez', 'sandra.sanchez@example.com', '567-890-1236', 3),
('Matthew', 'Clark', 'matthew.clark@example.com', '678-901-2347', 3),
('Rebecca', 'Ramirez', 'rebecca.ramirez@example.com', '789-012-3458', 4),
('Anthony', 'Lewis', 'anthony.lewis@example.com', '890-123-4569', 4),
('Samantha', 'Robinson', 'samantha.robinson@example.com', '901-234-5680', 5),
('Kevin', 'Walker', 'kevin.walker@example.com', '012-345-6781', 5),
('Helen', 'Young', 'helen.young@example.com', '123-456-7893', 6),
('David', 'Allen', 'david.allen@example.com', '234-567-8904', 6),
('Margaret', 'King', 'margaret.king@example.com', '345-678-9015', 7),
('Frank', 'Wright', 'frank.wright@example.com', '456-789-0126', 7),
('Alice', 'Scott', 'alice.scott@example.com', '567-890-1237', 8),
('Jason', 'Green', 'jason.green@example.com', '678-901-2348', 8),
('Megan', 'Baker', 'megan.baker@example.com', '789-012-3459', 9),
('Eric', 'Gonzalez', 'eric.gonzalez@example.com', '890-123-4570', 9),
('Victoria', 'Nelson', 'victoria.nelson@example.com', '901-234-5681', 10),
('Scott', 'Carter', 'scott.carter@example.com', '012-345-6782', 10),
('Rachel', 'Mitchell', 'rachel.mitchell@example.com', '123-456-7894', 1),
('Adam', 'Perez', 'adam.perez@example.com', '234-567-8905', 1),
('Katherine', 'Roberts', 'katherine.roberts@example.com', '345-678-9016', 2),
('Paul', 'Turner', 'paul.turner@example.com', '456-789-0127', 2),
('Sophia', 'Phillips', 'sophia.phillips@example.com', '567-890-1238', 3),
('Nathan', 'Campbell', 'nathan.campbell@example.com', '678-901-2349', 3),
('Olivia', 'Parker', 'olivia.parker@example.com', '789-012-3460', 4),
('Brian', 'Evans', 'brian.evans@example.com', '890-123-4571', 4),
('Karen', 'Edwards', 'karen.edwards@example.com', '901-234-5682', 5),
('Timothy', 'Collins', 'timothy.collins@example.com', '012-345-6783', 5),
('Angela', 'Stewart', 'angela.stewart@example.com', '123-456-7895', 6),
('Patrick', 'Sanchez', 'patrick.sanchez@example.com', '234-567-8906', 6),
('Emily', 'Morris', 'emily.morris@example.com', '345-678-9017', 7),
('George', 'Rogers', 'george.rogers@example.com', '456-789-0128', 7),
('Diane', 'Reed', 'diane.reed@example.com', '567-890-1240', 8),
('Steven', 'Cook', 'steven.cook@example.com', '678-901-2351', 8),
('Cheryl', 'Morgan', 'cheryl.morgan@example.com', '789-012-3461', 9),
('Jack', 'Bell', 'jack.bell@example.com', '890-123-4572', 9),
('Pamela', 'Murphy', 'pamela.murphy@example.com', '901-234-5683', 10),
('Kyle', 'Rivera', 'kyle.rivera@example.com', '012-345-6784', 10),
('Angela', 'Cooper', 'angela.cooper@example.com', '123-456-7896', 1),
('Matthew', 'Bailey', 'matthew.bailey@example.com', '234-567-8907', 1),
('Dorothy', 'Howard', 'dorothy.howard@example.com', '345-678-9018', 2),
('Samuel', 'Ward', 'samuel.ward@example.com', '456-789-0129', 2),
('Tina', 'Cox', 'tina.cox@example.com', '567-890-1241', 3),
('Nicholas', 'Diaz', 'nicholas.diaz@example.com', '678-901-2352', 3),
('Linda', 'Hughes', 'linda.hughes@example.com', '789-012-3462', 4),
('Gary', 'Washington', 'gary.washington@example.com', '890-123-4573', 4),
('Susan', 'Butler', 'susan.butler@example.com', '901-234-5684', 5),
('Walter', 'Simmons', 'walter.simmons@example.com', '012-345-6785', 5),
('Laura', 'Foster', 'laura.foster@example.com', '123-456-7897', 6),
('Benjamin', 'Gonzalez', 'benjamin.gonzalez@example.com', '234-567-8908', 6),
('Kathryn', 'Henderson', 'kathryn.henderson@example.com', '345-678-9019', 7),
('Dylan', 'Bennett', 'dylan.bennett@example.com', '456-789-0130', 7),
('Paula', 'Griffin', 'paula.griffin@example.com', '567-890-1242', 8),
('Travis', 'Harrison', 'travis.harrison@example.com', '678-901-2353', 8),
('Melanie', 'Graham', 'melanie.graham@example.com', '789-012-3463', 9),
('Raymond', 'Woods', 'raymond.woods@example.com', '890-123-4574', 9),
('Deborah', 'Jenkins', 'deborah.jenkins@example.com', '901-234-5685', 10),
('Tommy', 'Perkins', 'tommy.perkins@example.com', '012-345-6786', 10),
('Cynthia', 'Hughes', 'cynthia.hughes@example.com', '123-456-7898', 1),
('Eugene', 'Perry', 'eugene.perry@example.com', '234-567-8909', 1),
('Gloria', 'Ryan', 'gloria.ryan@example.com', '345-678-9020', 2),
('Victor', 'Wood', 'victor.wood@example.com', '456-789-0131', 2),
('Edna', 'Hayes', 'edna.hayes@example.com', '567-890-1243', 3),
('Danny', 'Wheeler', 'danny.wheeler@example.com', '678-901-2354', 3),
('Elaine', 'Foster', 'elaine.foster@example.com', '789-012-3464', 4),
('Bradley', 'Norris', 'bradley.norris@example.com', '890-123-4575', 4),
('Shirley', 'Mason', 'shirley.mason@example.com', '901-234-5686', 5),
('Louis', 'Kim', 'louis.kim@example.com', '012-345-6787', 5),
('Lydia', 'Day', 'lydia.day@example.com', '123-456-7899', 6),
('Harry', 'Stokes', 'harry.stokes@example.com', '234-567-8910', 6),
('Maureen', 'Hawkins', 'maureen.hawkins@example.com', '345-678-9021', 7),
('Tom', 'Black', 'tom.black@example.com', '456-789-0132', 7),
('Esther', 'Diaz', 'esther.diaz@example.com', '567-890-1244', 8),
('Sam', 'Matthews', 'sam.matthews@example.com', '678-901-2355', 8),
('Joan', 'Boyd', 'joan.boyd@example.com', '789-012-3465', 9),
('Craig', 'Stanley', 'craig.stanley@example.com', '890-123-4576', 9),
('Ruth', 'Harris', 'ruth.harris@example.com', '901-234-5687', 10),
('Leslie', 'Hunter', 'leslie.hunter@example.com', '012-345-6788', 10);
-- tao bang classes
INSERT INTO classes (class_name, class_description) VALUES
('CS1', 'Introduction to Computer Science'),
('CS2', 'Data Structures and Algorithms'),
('CS3', 'Object-Oriented Programming'),
('CS4', 'Database Systems'),
('CS5', 'Web Development'),
('CS6', 'Software Engineering'),
('CS7', 'Operating Systems'),
('CS8', 'Computer Networks'),
('CS9', 'Human-Computer Interaction'),
('CS10', 'Artificial Intelligence'),
('CS11', 'Machine Learning'),
('CS12', 'Mobile Application Development'),
('CS13', 'Cloud Computing'),
('CS14', 'Cybersecurity'),
('CS15', 'Game Development'),
('CS16', 'Big Data Analytics'),
('CS17', 'Computer Graphics'),
('CS18', 'Compiler Design'),
('CS19', 'Internet of Things'),
('CS20', 'Distributed Systems'),
('CS21', 'Digital Signal Processing'),
('CS22', 'Natural Language Processing'),
('CS23', 'Information Retrieval'),
('CS24', 'Data Mining'),
('CS25', 'Robotics'),
('CS26', 'Blockchain Technology'),
('CS27', 'Virtual Reality'),
('CS28', 'Augmented Reality'),
('CS29', 'Human Factors in Computing'),
('CS30', 'Ethical Issues in Computing'),
('CS31', 'Advanced Programming'),
('CS32', 'Network Security'),
('CS33', 'Embedded Systems'),
('CS34', 'Web Security'),
('CS35', 'Digital Image Processing'),
('CS36', 'IT Project Management'),
('CS37', 'Computational Theory'),
('CS38', 'Software Testing'),
('CS39', 'Parallel Computing'),
('CS40', 'Web Services'),
('CS41', 'E-commerce Technologies'),
('CS42', 'Data Visualization'),
('CS43', 'Mathematics for Computer Science'),
('CS44', 'Social Media and Society'),
('CS45', 'Computer Forensics'),
('CS46', 'Bioinformatics'),
('CS47', 'Computer Vision'),
('CS48', 'Scripting Languages'),
('CS49', 'Game Programming'),
('CS50', 'IT Infrastructure Management'),
('CS51', 'Information Systems Analysis'),
('CS52', 'Business Intelligence'),
('CS53', 'Computer Architecture'),
('CS54', 'Artificial Life'),
('CS55', 'Data Architecture'),
('CS56', 'Web Usability'),
('CS57', 'Graph Theory and Applications'),
('CS58', 'Operating System Security'),
('CS59', 'Programming Languages'),
('CS60', 'Advanced Database Systems'),
('CS61', 'Computational Intelligence'),
('CS62', 'Wireless Networks'),
('CS63', 'Machine Learning Applications'),
('CS64', 'Human-Centric AI'),
('CS65', 'Distributed Database Systems'),
('CS66', 'Computer Ethics'),
('CS67', 'Social Network Analysis'),
('CS68', 'Quantum Computing'),
('CS69', 'Semantic Web'),
('CS70', 'Computational Geometry'),
('CS71', 'Digital Libraries'),
('CS72', 'Cloud Application Development'),
('CS73', 'Data Protection and Privacy'),
('CS74', 'Tech Entrepreneurship'),
('CS75', 'Real-Time Systems'),
('CS76', 'Multimedia Systems'),
('CS77', 'Artificial Neural Networks'),
('CS78', 'Geographic Information Systems'),
('CS79', 'System Dynamics'),
('CS80', 'High-Performance Computing'),
('CS81', 'Information Systems Security'),
('CS82', 'IT Audit and Compliance'),
('CS83', 'Web Programming Fundamentals'),
('CS84', 'Scientific Computing'),
('CS85', 'Data Quality Management'),
('CS86', 'Software Architecture'),
('CS87', 'Context-Aware Computing'),
('CS88', 'Sociotechnical Systems'),
('CS89', 'Digital Marketing'),
('CS90', 'IT Governance'),
('CS91', 'Sustainable Computing'),
('CS92', 'Systems Programming'),
('CS93', 'Cryptography'),
('CS94', 'Application Development'),
('CS95', 'Behavioral Analysis in Computing'),
('CS96', 'Predictive Analytics'),
('CS97', 'Computational Neuroscience'),
('CS98', 'Health Informatics'),
('CS99', 'Advanced Topics in AI'),
('CS100', 'Capstone Project in Computer Science');
-- tao du lieu mau bang courses
INSERT INTO courses (course_name, course_code, credits, major_id, teacher_id) VALUES
('Introduction to Computer Science', 'CS101', 3, 1, 1),
('Data Structures and Algorithms', 'CS102', 3, 1, 2),
('Object-Oriented Programming', 'CS201', 3, 1, 3),
('Database Systems', 'CS202', 3, 1, 4),
('Web Development', 'CS301', 3, 1, 5),
('Software Engineering', 'CS302', 3, 2, 6),
('Operating Systems', 'CS401', 3, 2, 7),
('Computer Networks', 'CS402', 3, 2, 8),
('Human-Computer Interaction', 'CS501', 3, 2, 9),
('Artificial Intelligence', 'CS502', 3, 3, 10),
('Machine Learning', 'CS601', 3, 3, 1),
('Mobile Application Development', 'CS602', 3, 3, 2),
('Cloud Computing', 'CS701', 3, 3, 3),
('Cybersecurity', 'CS702', 3, 4, 4),
('Game Development', 'CS801', 3, 4, 5),
('Big Data Analytics', 'CS802', 3, 4, 6),
('Computer Graphics', 'CS901', 3, 4, 7),
('Compiler Design', 'CS902', 3, 5, 8),
('Internet of Things', 'CS1001', 3, 5, 9),
('Distributed Systems', 'CS1002', 3, 5, 10),
('Digital Signal Processing', 'CS1101', 3, 6, 1),
('Natural Language Processing', 'CS1102', 3, 6, 2),
('Information Retrieval', 'CS1201', 3, 6, 3),
('Data Mining', 'CS1202', 3, 7, 4),
('Robotics', 'CS1301', 3, 7, 5),
('Blockchain Technology', 'CS1302', 3, 7, 6),
('Virtual Reality', 'CS1401', 3, 8, 7),
('Augmented Reality', 'CS1402', 3, 8, 8),
('Human Factors in Computing', 'CS1501', 3, 8, 9),
('Ethical Issues in Computing', 'CS1502', 3, 9, 10),
('Advanced Programming', 'CS1601', 3, 9, 1),
('Network Security', 'CS1602', 3, 9, 2),
('Embedded Systems', 'CS1701', 3, 10, 3),
('Web Security', 'CS1702', 3, 10, 4),
('Digital Image Processing', 'CS1801', 3, 10, 5),
('IT Project Management', 'CS1802', 3, 1, 6),
('Computational Theory', 'CS1901', 3, 1, 7),
('Software Testing', 'CS1902', 3, 1, 8),
('Parallel Computing', 'CS2001', 3, 2, 9),
('Web Services', 'CS2002', 3, 2, 10),
('E-commerce Technologies', 'CS2101', 3, 2, 1),
('Data Visualization', 'CS2102', 3, 3, 2),
('Mathematics for Computer Science', 'CS2201', 3, 3, 3),
('Social Media and Society', 'CS2202', 3, 4, 4),
('Computer Forensics', 'CS2301', 3, 4, 5),
('Bioinformatics', 'CS2302', 3, 4, 6),
('Computer Vision', 'CS2401', 3, 5, 7),
('Scripting Languages', 'CS2402', 3, 5, 8),
('Game Programming', 'CS2501', 3, 5, 9),
('IT Infrastructure Management', 'CS2502', 3, 6, 10),
('Information Systems Analysis', 'CS2601', 3, 6, 1),
('Business Intelligence', 'CS2602', 3, 6, 2),
('Computer Architecture', 'CS2701', 3, 7, 3),
('Artificial Life', 'CS2702', 3, 7, 4),
('Data Architecture', 'CS2801', 3, 7, 5),
('Web Usability', 'CS2802', 3, 8, 6),
('Graph Theory and Applications', 'CS2901', 3, 8, 7),
('Operating System Security', 'CS2902', 3, 8, 8),
('Programming Languages', 'CS3001', 3, 9, 9),
('Advanced Database Systems', 'CS3002', 3, 9, 10),
('Computational Intelligence', 'CS3101', 3, 10, 1),
('Wireless Networks', 'CS3102', 3, 10, 2),
('Machine Learning Applications', 'CS3201', 3, 10, 3),
('Human-Centric AI', 'CS3202', 3, 1, 4),
('Distributed Database Systems', 'CS3301', 3, 1, 5),
('Computer Ethics', 'CS3302', 3, 2, 6),
('Social Network Analysis', 'CS3401', 3, 2, 7),
('Quantum Computing', 'CS3402', 3, 3, 8),
('Semantic Web', 'CS3501', 3, 3, 9),
('Computational Geometry', 'CS3502', 3, 4, 10),
('Digital Libraries', 'CS3601', 3, 4, 1),
('Cloud Application Development', 'CS3602', 3, 4, 2),
('Data Protection and Privacy', 'CS3701', 3, 5, 3),
('Tech Entrepreneurship', 'CS3702', 3, 5, 4),
('Real-Time Systems', 'CS3801', 3, 5, 5),
('Multimedia Systems', 'CS3802', 3, 6, 6),
('Artificial Neural Networks', 'CS3901', 3, 6, 7),
('Geographic Information Systems', 'CS3902', 3, 7, 8),
('System Dynamics', 'CS4001', 3, 7, 9),
('High-Performance Computing', 'CS4002', 3, 8, 10),
('Information Systems Security', 'CS4101', 3, 8, 1),
('IT Audit and Compliance', 'CS4102', 3, 9, 2),
('Web Programming Fundamentals', 'CS4201', 3, 9, 3),
('Scientific Computing', 'CS4202', 3, 10, 4),
('Data Quality Management', 'CS4301', 3, 10, 5),
('Software Architecture', 'CS4302', 3, 1, 6),
('Context-Aware Computing', 'CS4401', 3, 1, 7),
('Sociotechnical Systems', 'CS4402', 3, 2, 8),
('Digital Marketing', 'CS4501', 3, 2, 9),
('IT Governance', 'CS4502', 3, 3, 10),
('Sustainable Computing', 'CS4601', 3, 3, 1),
('Systems Programming', 'CS4602', 3, 4, 2),
('Cryptography', 'CS4701', 3, 4, 3),
('Application Development', 'CS4702', 3, 5, 4),
('Behavioral Analysis in Computing', 'CS4801', 3, 5, 5),
('Predictive Analytics', 'CS4802', 3, 6, 6),
('Computational Neuroscience', 'CS4901', 3, 6, 7),
('Health Informatics', 'CS4902', 3, 7, 8),
('Advanced Topics in AI', 'CS5001', 3, 7, 9),
('Capstone Project in Computer Science', 'CS5002', 3, 8, 10);
-- tao du lieu mau bang students
INSERT INTO students (first_name, last_name, date_of_birth, email, phone_number, address, class_id, major_id, gpa) VALUES
('Alice', 'Johnson', '2001-01-01', 'alice.johnson@vnu.edu.vn', '012-345-6789', '123 Main St, City A', 1, 1, 3.50),
('Bob', 'Smith', '2001-02-02', 'bob.smith@vnu.edu.vn', '234-567-8901', '456 Elm St, City B', 2, 1, 3.80),
('Charlie', 'Brown', '2001-03-03', 'charlie.brown@vnu.edu.vn', '345-678-9012', '789 Pine St, City C', 3, 1, 3.60),
('David', 'Davis', '2001-04-04', 'david.davis@vnu.edu.vn', '456-789-0123', '321 Oak St, City D', 1, 2, 3.70),
('Eva', 'Wilson', '2001-05-05', 'eva.wilson@vnu.edu.vn', '567-890-1234', '654 Maple St, City E', 2, 2, 3.90),
('Frank', 'Miller', '2001-06-06', 'frank.miller@vnu.edu.vn', '678-901-2345', '987 Birch St, City F', 3, 2, 3.75),
('Grace', 'Garcia', '2001-07-07', 'grace.garcia@vnu.edu.vn', '789-012-3456', '159 Cedar St, City G', 1, 3, 3.65),
('Hank', 'Rodriguez', '2001-08-08', 'hank.rodriguez@vnu.edu.vn', '890-123-4567', '753 Cherry St, City H', 2, 3, 3.80),
('Ivy', 'Martinez', '2001-09-09', 'ivy.martinez@vnu.edu.vn', '901-234-5678', '852 Walnut St, City I', 3, 3, 3.85),
('Jack', 'Hernandez', '2001-10-10', 'jack.hernandez@vnu.edu.vn', '012-345-6780', '654 Palm St, City J', 1, 4, 3.75),
('Kathy', 'Lopez', '2001-11-11', 'kathy.lopez@vnu.edu.vn', '123-456-7890', '321 Spruce St, City K', 2, 4, 3.90),
('Liam', 'Gonzalez', '2001-12-12', 'liam.gonzalez@vnu.edu.vn', '234-567-8901', '456 Fir St, City L', 3, 4, 3.80),
('Mia', 'Smith', '2001-01-13', 'mia.smith@vnu.edu.vn', '345-678-9012', '789 Hemlock St, City M', 1, 5, 3.65),
('Noah', 'Jackson', '2001-02-14', 'noah.jackson@vnu.edu.vn', '456-789-0123', '321 Hickory St, City N', 2, 5, 3.90),
('Olivia', 'White', '2001-03-15', 'olivia.white@vnu.edu.vn', '567-890-1234', '654 Walnut St, City O', 3, 5, 3.80),
('Paul', 'Young', '2001-04-16', 'paul.young@vnu.edu.vn', '678-901-2345', '987 Cedar St, City P', 1, 6, 3.85),
('Quinn', 'Harris', '2001-05-17', 'quinn.harris@vnu.edu.vn', '789-012-3456', '159 Cherry St, City Q', 2, 6, 3.70),
('Rita', 'Martin', '2001-06-18', 'rita.martin@vnu.edu.vn', '890-123-4567', '753 Oak St, City R', 3, 6, 3.90),
('Steve', 'Thompson', '2001-07-19', 'steve.thompson@vnu.edu.vn', '901-234-5678', '852 Pine St, City S', 1, 7, 3.80),
('Tina', 'Garcia', '2001-08-20', 'tina.garcia@vnu.edu.vn', '012-345-6780', '654 Maple St, City T', 2, 7, 3.90),
('Uma', 'Martinez', '2001-09-21', 'uma.martinez@vnu.edu.vn', '123-456-7890', '321 Fir St, City U', 3, 7, 3.75),
('Victor', 'Wong', '2001-10-22', 'victor.wong@vnu.edu.vn', '234-567-8901', '456 Oak St, City V', 1, 8, 3.65),
('Wendy', 'Adams', '2001-11-23', 'wendy.adams@vnu.edu.vn', '345-678-9012', '789 Cedar St, City W', 2, 8, 3.80),
('Xander', 'Roberts', '2001-12-24', 'xander.roberts@vnu.edu.vn', '456-789-0123', '321 Birch St, City X', 3, 8, 3.90),
('Yara', 'Bennett', '2001-01-25', 'yara.bennett@vnu.edu.vn', '567-890-1234', '654 Walnut St, City Y', 1, 9, 3.70),
('Zach', 'Jackson', '2001-02-26', 'zach.jackson@vnu.edu.vn', '678-901-2345', '987 Palm St, City Z', 2, 9, 3.85),
('Anna', 'Scott', '2001-03-27', 'anna.scott@vnu.edu.vn', '789-012-3456', '159 Cherry St, City AA', 3, 9, 3.80),
('Brad', 'Harris', '2001-04-28', 'brad.harris@vnu.edu.vn', '890-123-4567', '753 Oak St, City BB', 1, 10, 3.90),
('Cathy', 'Morris', '2001-05-29', 'cathy.morris@vnu.edu.vn', '901-234-5678', '852 Maple St, City CC', 2, 10, 3.75),
('Daniel', 'Clark', '2001-06-30', 'daniel.clark@vnu.edu.vn', '012-345-6789', '654 Pine St, City DD', 3, 10, 3.85),
('Eva', 'Ramirez', '2001-01-01', 'eva.ramirez@vnu.edu.vn', '123-456-7890', '321 Fir St, City EE', 1, 1, 3.60),
('Finn', 'Flores', '2001-02-02', 'finn.flores@vnu.edu.vn', '234-567-8901', '456 Cedar St, City FF', 2, 1, 3.70),
('Gina', 'Gonzalez', '2001-03-03', 'gina.gonzalez@vnu.edu.vn', '345-678-9012', '789 Cherry St, City GG', 3, 1, 3.75),
('Hugo', 'Hall', '2001-04-04', 'hugo.hall@vnu.edu.vn', '456-789-0123', '321 Maple St, City HH', 1, 2, 3.90),
('Ivy', 'Evans', '2001-05-05', 'ivy.evans@vnu.edu.vn', '567-890-1234', '654 Fir St, City II', 2, 2, 3.85),
('Jack', 'Carter', '2001-06-06', 'jack.carter@vnu.edu.vn', '678-901-2345', '987 Pine St, City JJ', 3, 2, 3.65),
('Kathy', 'Cooper', '2001-07-07', 'kathy.cooper@vnu.edu.vn', '789-012-3456', '159 Cedar St, City KK', 1, 3, 3.70),
('Leo', 'Torres', '2001-08-08', 'leo.torres@vnu.edu.vn', '890-123-4567', '753 Birch St, City LL', 2, 3, 3.80),
('Mia', 'Phillips', '2001-09-09', 'mia.phillips@vnu.edu.vn', '901-234-5678', '852 Oak St, City MM', 3, 3, 3.90),
('Noah', 'Mitchell', '2001-10-10', 'noah.mitchell@vnu.edu.vn', '012-345-6780', '654 Fir St, City NN', 1, 4, 3.65),
('Olivia', 'Sanchez', '2001-11-11', 'olivia.sanchez@vnu.edu.vn', '123-456-7890', '321 Cedar St, City OO', 2, 4, 3.85),
('Paul', 'Reed', '2001-12-12', 'paul.reed@vnu.edu.vn', '234-567-8901', '456 Pine St, City PP', 3, 4, 3.75),
('Quinn', 'Cox', '2001-01-13', 'quinn.cox@vnu.edu.vn', '345-678-9012', '789 Oak St, City QQ', 1, 5, 3.60),
('Rita', 'Ward', '2001-02-14', 'rita.ward@vnu.edu.vn', '456-789-0123', '321 Cedar St, City RR', 2, 5, 3.70),
('Steve', 'Foster', '2001-03-15', 'steve.foster@vnu.edu.vn', '567-890-1234', '654 Maple St, City SS', 3, 5, 3.80),
('Tina', 'Wood', '2001-04-16', 'tina.wood@vnu.edu.vn', '678-901-2345', '987 Birch St, City TT', 1, 6, 3.75),
('Uma', 'Harris', '2001-05-17', 'uma.harris@vnu.edu.vn', '789-012-3456', '159 Cedar St, City UU', 2, 6, 3.90),
('Victor', 'King', '2001-06-18', 'victor.king@vnu.edu.vn', '890-123-4567', '753 Oak St, City VV', 3, 6, 3.85),
('Wendy', 'Campbell', '2001-07-19', 'wendy.campbell@vnu.edu.vn', '901-234-5678', '852 Maple St, City WW', 1, 7, 3.80),
('Xander', 'Rodriguez', '2001-08-20', 'xander.rodriguez@vnu.edu.vn', '012-345-6780', '654 Pine St, City XX', 2, 7, 3.90),
('Yara', 'Mitchell', '2001-09-21', 'yara.mitchell@vnu.edu.vn', '123-456-7890', '321 Cedar St, City YY', 3, 7, 3.65),
('Zach', 'Flores', '2001-10-22', 'zach.flores@vnu.edu.vn', '234-567-8901', '456 Maple St, City ZZ', 1, 8, 3.80),
('Anna', 'Ward', '2001-11-23', 'anna.ward@vnu.edu.vn', '345-678-9012', '789 Pine St, City AAA', 2, 8, 3.90),
('Brad', 'Clark', '2001-12-24', 'brad.clark@vnu.edu.vn', '456-789-0123', '321 Cedar St, City BBB', 3, 8, 3.75),
('Cathy', 'Robinson', '2001-01-25', 'cathy.robinson@vnu.edu.vn', '567-890-1234', '654 Fir St, City CCC', 1, 9, 3.60),
('Daniel', 'Evans', '2001-02-26', 'daniel.evans@vnu.edu.vn', '678-901-2345', '987 Cedar St, City DDD', 2, 9, 3.70),
('Eva', 'Hernandez', '2001-03-27', 'eva.hernandez@vnu.edu.vn', '789-012-3456', '159 Maple St, City EEE', 3, 9, 3.80),
('Finn', 'Simmons', '2001-04-28', 'finn.simmons@vnu.edu.vn', '890-123-4567', '753 Pine St, City FFF', 1, 10, 3.90),
('Grace', 'Thompson', '2001-05-29', 'grace.thompson@vnu.edu.vn', '901-234-5678', '852 Birch St, City GGG', 2, 10, 3.85),
('Hank', 'Miller', '2001-06-30', 'hank.miller@vnu.edu.vn', '012-345-6789', '654 Oak St, City HHH', 3, 10, 3.65),
('Ivy', 'Sullivan', '2001-01-01', 'ivy.sullivan@vnu.edu.vn', '123-456-7890', '321 Cedar St, City III', 1, 1, 3.70),
('Jack', 'Taylor', '2001-02-02', 'jack.taylor@vnu.edu.vn', '234-567-8901', '456 Pine St, City JJJ', 2, 1, 3.85),
('Kathy', 'Martin', '2001-03-03', 'kathy.martin@vnu.edu.vn', '345-678-9012', '789 Birch St, City KKK', 3, 1, 3.90),
('Leo', 'Scott', '2001-04-04', 'leo.scott@vnu.edu.vn', '456-789-0123', '321 Maple St, City LLL', 1, 2, 3.80),
('Mia', 'Bennett', '2001-05-05', 'mia.bennett@vnu.edu.vn', '567-890-1234', '654 Oak St, City MMM', 2, 2, 3.85),
('Noah', 'Roberts', '2001-06-06', 'noah.roberts@vnu.edu.vn', '678-901-2345', '987 Birch St, City NNN', 3, 2, 3.90),
('Olivia', 'Evans', '2001-07-07', 'olivia.evans@vnu.edu.vn', '789-012-3456', '159 Maple St, City OOO', 1, 3, 3.60),
('Paul', 'Martin', '2001-08-08', 'paul.martin@vnu.edu.vn', '890-123-4567', '753 Oak St, City PPP', 2, 3, 3.75),
('Quinn', 'Parker', '2001-09-09', 'quinn.parker@vnu.edu.vn', '901-234-5678', '852 Cedar St, City QQQ', 3, 3, 3.85),
('Rita', 'Ward', '2001-10-10', 'rita.ward@vnu.edu.vn', '012-345-6780', '654 Pine St, City RRR', 1, 4, 3.70),
('Steve', 'Lopez', '2001-11-11', 'steve.lopez@vnu.edu.vn', '123-456-7890', '321 Cedar St, City SSS', 2, 4, 3.90),
('Tina', 'Scott', '2001-12-12', 'tina.scott@vnu.edu.vn', '234-567-8901', '456 Maple St, City TTT', 3, 4, 3.80),
('Uma', 'Rodriguez', '2001-01-13', 'uma.rodriguez@vnu.edu.vn', '345-678-9012', '789 Oak St, City UUU', 1, 5, 3.60),
('Victor', 'Taylor', '2001-02-14', 'victor.taylor@vnu.edu.vn', '456-789-0123', '321 Cedar St, City VVV', 2, 5, 3.70),
('Wendy', 'Hernandez', '2001-03-15', 'wendy.hernandez@vnu.edu.vn', '567-890-1234', '654 Birch St, City WWW', 3, 5, 3.90),
('Xander', 'Gonzalez', '2001-04-16', 'xander.gonzalez@vnu.edu.vn', '678-901-2345', '987 Maple St, City XXX', 1, 6, 3.75),
('Yara', 'Flores', '2001-05-17', 'yara.flores@vnu.edu.vn', '789-012-3456', '159 Oak St, City YYY', 2, 6, 3.85),
('Zach', 'Young', '2001-06-18', 'zach.young@vnu.edu.vn', '890-123-4567', '753 Pine St, City ZZZ', 3, 6, 3.90),
('Anna', 'Mitchell', '2001-07-19', 'anna.mitchell@vnu.edu.vn', '901-234-5678', '852 Cedar St, City AAAA', 1, 7, 3.80),
('Brad', 'Sullivan', '2001-08-20', 'brad.sullivan@vnu.edu.vn', '012-345-6780', '654 Oak St, City BBBB', 2, 7, 3.90),
('Cathy', 'James', '2001-09-21', 'cathy.james@vnu.edu.vn', '123-456-7890', '321 Maple St, City CCCC', 3, 7, 3.75),
('Daniel', 'Anderson', '2001-10-22', 'daniel.anderson@vnu.edu.vn', '234-567-8901', '456 Pine St, City DDDD', 1, 8, 3.70),
('Eva', 'Collins', '2001-11-23', 'eva.collins@vnu.edu.vn', '345-678-9012', '789 Cedar St, City EEEE', 2, 8, 3.85),
('Finn', 'Morris', '2001-12-24', 'finn.morris@vnu.edu.vn', '456-789-0123', '321 Birch St, City FFFF', 3, 8, 3.90),
('Grace', 'Harris', '2001-01-25', 'grace.harris@vnu.edu.vn', '567-890-1234', '654 Maple St, City GGGG', 1, 9, 3.60),
('Hank', 'Lopez', '2001-02-26', 'hank.lopez@vnu.edu.vn', '678-901-2345', '987 Pine St, City HHHH', 2, 9, 3.70),
('Ivy', 'Martin', '2001-03-27', 'ivy.martin@vnu.edu.vn', '789-012-3456', '159 Oak St, City IIII', 3, 9, 3.80),
('Jack', 'Walker', '2001-04-28', 'jack.walker@vnu.edu.vn', '890-123-4567', '753 Cedar St, City JJJJ', 1, 10, 3.90),
('Kathy', 'Roberts', '2001-01-01', 'kathy.roberts@vnu.edu.vn', '901-234-5678', '852 Maple St, City KKKK', 2, 10, 3.85),
('Leo', 'Hernandez', '2001-02-02', 'leo.hernandez@vnu.edu.vn', '012-345-6789', '654 Oak St, City LLLL', 3, 10, 3.70),
('Mia', 'Young', '2001-03-03', 'mia.young@vnu.edu.vn', '123-456-7890', '321 Birch St, City MMMM', 1, 1, 3.60),
('Noah', 'Clark', '2001-04-04', 'noah.clark@vnu.edu.vn', '234-567-8901', '456 Pine St, City NNNN', 2, 1, 3.70),
('Olivia', 'King', '2001-05-05', 'olivia.king@vnu.edu.vn', '345-678-9012', '789 Maple St, City OOOO', 3, 1, 3.80),
('Paul', 'Gonzalez', '2001-06-06', 'paul.gonzalez@vnu.edu.vn', '456-789-0123', '321 Birch St, City PPPP', 1, 2, 3.75),
('Quinn', 'Adams', '2001-07-07', 'quinn.adams@vnu.edu.vn', '567-890-1234', '654 Cedar St, City QQQQ', 2, 2, 3.90),
('Rita', 'Sanchez', '2001-08-08', 'rita.sanchez@vnu.edu.vn', '678-901-2345', '987 Oak St, City RRRR', 3, 2, 3.85),
('Steve', 'Martinez', '2001-09-09', 'steve.martinez@vnu.edu.vn', '789-012-3456', '159 Maple St, City SSSS', 1, 3, 3.60),
('Tina', 'Brown', '2001-10-10', 'tina.brown@vnu.edu.vn', '890-123-4567', '753 Birch St, City TTTT', 2, 3, 3.75),
('Uma', 'Davis', '2001-11-11', 'uma.davis@vnu.edu.vn', '901-234-5678', '852 Pine St, City UUUU', 3, 3, 3.90),
('Victor', 'Gonzalez', '2001-12-12', 'victor.gonzalez@vnu.edu.vn', '012-345-6780', '654 Cedar St, City VVVV', 1, 4, 3.85),
('Wendy', 'White', '2001-01-13', 'wendy.white@vnu.edu.vn', '123-456-7890', '321 Oak St, City WWWW', 2, 4, 3.80),
('Xander', 'Parker', '2001-02-14', 'xander.parker@vnu.edu.vn', '234-567-8901', '456 Maple St, City XXXX', 3, 4, 3.75),
('Yara', 'Sullivan', '2001-03-15', 'yara.sullivan@vnu.edu.vn', '345-678-9012', '789 Birch St, City YYYY', 1, 5, 3.60),
('Zach', 'Cook', '2001-04-16', 'zach.cook@vnu.edu.vn', '456-789-0123', '321 Pine St, City ZZZZ', 2, 5, 3.70);
-- tao bang classrooms
INSERT INTO classrooms (room_number, building, capacity) VALUES
('A101', 'Main Building', 30),
('A102', 'Main Building', 25),
('A103', 'Main Building', 35),
('B201', 'Science Block', 40),
('B202', 'Science Block', 30),
('B203', 'Science Block', 50),
('C301', 'Engineering Building', 60),
('C302', 'Engineering Building', 40),
('C303', 'Engineering Building', 70),
('D401', 'Arts Block', 20),
('D402', 'Arts Block', 25),
('D403', 'Arts Block', 30),
('E501', 'Library', 50),
('E502', 'Library', 40),
('E503', 'Library', 30),
('F601', 'Auditorium', 200),
('F602', 'Auditorium', 150),
('F603', 'Auditorium', 180),
('G701', 'Sports Complex', 100),
('G702', 'Sports Complex', 90),
('G703', 'Sports Complex', 110),
('H801', 'Conference Center', 80),
('H802', 'Conference Center', 70),
('H803', 'Conference Center', 60),
('I901', 'Lab Building', 20),
('I902', 'Lab Building', 25),
('I903', 'Lab Building', 30),
('J1001', 'Innovation Center', 50),
('J1002', 'Innovation Center', 45),
('J1003', 'Innovation Center', 55),
('K1101', 'Cafeteria', 120),
('K1102', 'Cafeteria', 100),
('K1103', 'Cafeteria', 90),
('L1201', 'Health Center', 15),
('L1202', 'Health Center', 10),
('M1301', 'Gym', 40),
('M1302', 'Gym', 35),
('N1401', 'Music Room', 25),
('N1402', 'Music Room', 20),
('O1501', 'Theater', 200),
('O1502', 'Theater', 150),
('P1601', 'Workshop', 30),
('P1602', 'Workshop', 35),
('Q1701', 'Storage Room', 5),
('R1801', 'Parking Lot', 0),
('S1901', 'Main Entrance', 0),
('S1902', 'Main Entrance', 0),
('T2001', 'Outdoor Area', 0),
('T2002', 'Outdoor Area', 0),
('U2101', 'Roof Top', 20),
('V2201', 'Art Gallery', 30),
('W2301', 'Gallery Hall', 40),
('X2401', 'Meeting Room', 50),
('Y2501', 'Research Lab', 15),
('Z2601', 'Data Center', 10),
('A201', 'Room A', 30),
('B202', 'Room B', 25),
('C203', 'Room C', 35),
('D204', 'Room D', 40),
('E205', 'Room E', 45),
('F206', 'Room F', 50),
('G207', 'Room G', 60),
('H208', 'Room H', 70),
('I209', 'Room I', 20),
('J210', 'Room J', 25),
('K211', 'Room K', 30),
('L212', 'Room L', 40),
('M213', 'Room M', 45),
('N214', 'Room N', 50),
('O215', 'Room O', 60),
('P216', 'Room P', 70),
('Q217', 'Room Q', 80),
('R218', 'Room R', 90),
('S219', 'Room S', 100),
('T220', 'Room T', 110),
('U221', 'Room U', 120),
('V222', 'Room V', 130),
('W223', 'Room W', 140),
('X224', 'Room X', 150),
('Y225', 'Room Y', 160),
('Z226', 'Room Z', 170),
('A301', 'Building A', 180),
('B302', 'Building B', 190),
('C303', 'Building C', 200),
('D304', 'Building D', 210),
('E305', 'Building E', 220),
('F306', 'Building F', 230),
('G307', 'Building G', 240),
('H308', 'Building H', 250),
('I309', 'Building I', 260),
('J310', 'Building J', 270),
('K311', 'Building K', 280),
('L312', 'Building L', 290),
('M313', 'Building M', 300),
('N314', 'Building N', 310),
('O315', 'Building O', 320),
('P316', 'Building P', 330),
('Q317', 'Building Q', 340),
('R318', 'Building R', 350),
('S319', 'Building S', 360),
('T320', 'Building T', 370),
('U321', 'Building U', 380),
('V322', 'Building V', 390),
('W323', 'Building W', 400),
('X324', 'Building X', 410),
('Y325', 'Building Y', 420),
('Z326', 'Building Z', 430);
-- tao du lieu mau errolments
INSERT INTO enrollments (student_id, course_id, enrollment_date, grade) VALUES
(1, 1, '2023-09-01', 3.50),
(1, 2, '2023-09-01', 3.70),
(1, 3, '2023-09-01', 3.80),
(2, 1, '2023-09-02', 3.40),
(2, 2, '2023-09-02', 3.60),
(2, 4, '2023-09-02', 3.75),
(3, 3, '2023-09-03', 3.80),
(3, 5, '2023-09-03', 3.90),
(4, 1, '2023-09-04', 2.90),
(4, 2, '2023-09-04', 3.20),
(4, 3, '2023-09-04', 3.50),
(5, 4, '2023-09-05', 3.85),
(5, 5, '2023-09-05', 3.90),
(6, 2, '2023-09-06', 3.00),
(6, 4, '2023-09-06', 3.60),
(7, 1, '2023-09-07', 3.40),
(7, 5, '2023-09-07', 3.70),
(8, 2, '2023-09-08', 3.25),
(8, 3, '2023-09-08', 3.80),
(9, 1, '2023-09-09', 2.80),
(9, 4, '2023-09-09', 3.45),
(10, 2, '2023-09-10', 3.90),
(10, 5, '2023-09-10', 3.95),
(11, 1, '2023-09-11', 3.60),
(11, 3, '2023-09-11', 3.70),
(12, 2, '2023-09-12', 3.80),
(12, 4, '2023-09-12', 3.85),
(13, 1, '2023-09-13', 3.40),
(13, 3, '2023-09-13', 3.20),
(14, 2, '2023-09-14', 3.50),
(14, 5, '2023-09-14', 3.70),
(15, 1, '2023-09-15', 3.90),
(15, 4, '2023-09-15', 3.85),
(16, 3, '2023-09-16', 3.60),
(16, 5, '2023-09-16', 3.55),
(17, 1, '2023-09-17', 2.95),
(17, 2, '2023-09-17', 3.40),
(18, 3, '2023-09-18', 3.75),
(18, 4, '2023-09-18', 3.85),
(19, 5, '2023-09-19', 3.70),
(20, 1, '2023-09-20', 3.80),
(21, 2, '2023-09-21', 3.60),
(22, 3, '2023-09-22', 3.45),
(22, 4, '2023-09-22', 3.70),
(23, 5, '2023-09-23', 3.90),
(24, 1, '2023-09-24', 3.55),
(25, 2, '2023-09-25', 3.60),
(26, 3, '2023-09-26', 3.80),
(26, 4, '2023-09-26', 3.40),
(27, 5, '2023-09-27', 3.55),
(28, 1, '2023-09-28', 3.75),
(29, 2, '2023-09-29', 3.90),
(30, 3, '2023-09-30', 3.85),
(31, 4, '2023-09-30', 3.95),
(32, 5, '2023-09-30', 3.80),
(33, 1, '2023-09-30', 3.70),
(34, 2, '2023-09-30', 3.50),
(35, 3, '2023-09-30', 3.60),
(36, 4, '2023-09-30', 3.80),
(37, 5, '2023-09-30', 3.90),
(38, 1, '2023-09-30', 2.90),
(39, 2, '2023-09-30', 3.20),
(40, 3, '2023-09-30', 3.10),
(41, 4, '2023-09-30', 3.50),
(42, 5, '2023-09-30', 3.70),
(43, 1, '2023-09-30', 3.60),
(44, 2, '2023-09-30', 3.80),
(45, 3, '2023-09-30', 3.45),
(46, 4, '2023-09-30', 3.55),
(47, 5, '2023-09-30', 3.75),
(48, 1, '2023-09-30', 3.90),
(49, 2, '2023-09-30', 3.85),
(50, 3, '2023-09-30', 3.60),
(51, 1, '2023-09-30', 2.80),
(52, 2, '2023-09-30', 3.40),
(53, 3, '2023-09-30', 3.80),
(54, 4, '2023-09-30', 3.20),
(55, 5, '2023-09-30', 3.60),
(56, 1, '2023-09-30', 3.50),
(57, 2, '2023-09-30', 3.60),
(58, 3, '2023-09-30', 3.80),
(59, 4, '2023-09-30', 3.95),
(60, 5, '2023-09-30', 3.90),
(61, 1, '2023-09-30', 3.75),
(62, 2, '2023-09-30', 3.60),
(63, 3, '2023-09-30', 3.50),
(64, 4, '2023-09-30', 3.45),
(65, 5, '2023-09-30', 3.60),
(66, 1, '2023-09-30', 3.80),
(67, 2, '2023-09-30', 3.70),
(68, 3, '2023-09-30', 3.60),
(69, 4, '2023-09-30', 3.90),
(70, 5, '2023-09-30', 3.85),
(71, 1, '2023-09-30', 3.50),
(72, 2, '2023-09-30', 3.40),
(73, 3, '2023-09-30', 3.60),
(74, 4, '2023-09-30', 3.70),
(75, 5, '2023-09-30', 3.90),
(76, 1, '2023-09-30', 3.80),
(77, 2, '2023-09-30', 3.75),
(78, 3, '2023-09-30', 3.60),
(79, 4, '2023-09-30', 3.50),
(80, 5, '2023-09-30', 3.85),
(81, 1, '2023-09-30', 3.90),
(82, 2, '2023-09-30', 3.75),
(83, 3, '2023-09-30', 3.60),
(84, 4, '2023-09-30', 3.45),
(85, 5, '2023-09-30', 3.70),
(86, 1, '2023-09-30', 3.60),
(87, 2, '2023-09-30', 3.50),
(88, 3, '2023-09-30', 3.80),
(89, 4, '2023-09-30', 3.90),
(90, 5, '2023-09-30', 3.95),
(91, 1, '2023-09-30', 3.45),
(92, 2, '2023-09-30', 3.55),
(93, 3, '2023-09-30', 3.80),
(94, 4, '2023-09-30', 3.65),
(95, 5, '2023-09-30', 3.70),
(96, 1, '2023-09-30', 3.80),
(97, 2, '2023-09-30', 3.85),
(98, 3, '2023-09-30', 3.60),
(99, 4, '2023-09-30', 3.40),
(100, 5, '2023-09-30', 3.55);
-- tao du lieu mau cho grades
INSERT INTO grades (student_id, course_id, grade) VALUES
(1, 1, 3.50),
(1, 2, 3.70),
(1, 3, 3.80),
(2, 1, 3.40),
(2, 2, 3.60),
(2, 4, 3.75),
(3, 3, 3.80),
(3, 5, 3.90),
(4, 1, 2.90),
(4, 2, 3.20),
(4, 3, 3.50),
(5, 4, 3.85),
(5, 5, 3.90),
(6, 2, 3.00),
(6, 4, 3.60),
(7, 1, 3.40),
(7, 5, 3.70),
(8, 2, 3.25),
(8, 3, 3.80),
(9, 1, 2.80),
(9, 4, 3.45),
(10, 2, 3.90),
(10, 5, 3.95),
(11, 1, 3.60),
(11, 3, 3.70),
(12, 2, 3.80),
(12, 4, 3.85),
(13, 1, 3.40),
(13, 3, 3.20),
(14, 2, 3.50),
(14, 5, 3.70),
(15, 1, 3.90),
(15, 4, 3.85),
(16, 3, 3.60),
(16, 5, 3.55),
(17, 1, 2.95),
(17, 2, 3.40),
(18, 3, 3.75),
(18, 4, 3.85),
(19, 5, 3.70),
(20, 1, 3.80),
(21, 2, 3.60),
(22, 3, 3.45),
(22, 4, 3.70),
(23, 5, 3.90),
(24, 1, 3.55),
(25, 2, 3.60),
(26, 3, 3.80),
(26, 4, 3.40),
(27, 5, 3.55),
(28, 1, 3.75),
(29, 2, 3.90),
(30, 3, 3.85),
(31, 4, 3.95),
(32, 5, 3.80),
(33, 1, 3.70),
(34, 2, 3.50),
(35, 3, 3.60),
(36, 4, 3.80),
(37, 5, 3.90),
(38, 1, 2.90),
(39, 2, 3.20),
(40, 3, 3.10),
(41, 4, 3.50),
(42, 5, 3.70),
(43, 1, 3.60),
(44, 2, 3.80),
(45, 3, 3.45),
(46, 4, 3.55),
(47, 5, 3.75),
(48, 1, 3.90),
(49, 2, 3.85),
(50, 3, 3.60),
(51, 1, 2.80),
(52, 2, 3.40),
(53, 3, 3.80),
(54, 4, 3.20),
(55, 5, 3.60),
(56, 1, 3.50),
(57, 2, 3.60),
(58, 3, 3.80),
(59, 4, 3.95),
(60, 5, 3.90),
(61, 1, 3.75),
(62, 2, 3.60),
(63, 3, 3.50),
(64, 4, 3.45),
(65, 5, 3.60),
(66, 1, 3.80),
(67, 2, 3.70),
(68, 3, 3.60),
(69, 4, 3.90),
(70, 5, 3.85),
(71, 1, 3.50),
(72, 2, 3.40),
(73, 3, 3.60),
(74, 4, 3.70),
(75, 5, 3.90),
(76, 1, 3.80),
(77, 2, 3.75),
(78, 3, 3.60),
(79, 4, 3.50),
(80, 5, 3.85),
(81, 1, 3.90),
(82, 2, 3.75),
(83, 3, 3.60),
(84, 4, 3.45),
(85, 5, 3.70),
(86, 1, 3.60),
(87, 2, 3.50),
(88, 3, 3.80),
(89, 4, 3.90),
(90, 5, 3.95),
(91, 1, 3.45),
(92, 2, 3.55),
(93, 3, 3.80),
(94, 4, 3.65),
(95, 5, 3.70),
(96, 1, 3.80),
(97, 2, 3.85),
(98, 3, 3.60),
(99, 4, 3.40),
(100, 5, 3.55);
-- tao du lieu mau cho  course_schedule
INSERT INTO course_schedule (course_id, classroom_id, day_of_week, start_time, end_time) VALUES
(1, 1, 'Monday', '09:00:00', '10:30:00'),
(1, 2, 'Wednesday', '09:00:00', '10:30:00'),
(1, 3, 'Friday', '09:00:00', '10:30:00'),
(2, 1, 'Monday', '11:00:00', '12:30:00'),
(2, 2, 'Wednesday', '11:00:00', '12:30:00'),
(2, 3, 'Friday', '11:00:00', '12:30:00'),
(3, 1, 'Tuesday', '09:00:00', '10:30:00'),
(3, 2, 'Thursday', '09:00:00', '10:30:00'),
(4, 1, 'Tuesday', '11:00:00', '12:30:00'),
(4, 3, 'Thursday', '11:00:00', '12:30:00'),
(5, 1, 'Monday', '13:00:00', '14:30:00'),
(5, 2, 'Wednesday', '13:00:00', '14:30:00'),
(1, 2, 'Tuesday', '15:00:00', '16:30:00'),
(2, 3, 'Thursday', '15:00:00', '16:30:00'),
(3, 1, 'Monday', '15:00:00', '16:30:00'),
(4, 2, 'Wednesday', '15:00:00', '16:30:00'),
(5, 3, 'Friday', '15:00:00', '16:30:00'),
(1, 1, 'Tuesday', '10:45:00', '12:15:00'),
(2, 1, 'Thursday', '10:45:00', '12:15:00'),
(3, 2, 'Monday', '10:45:00', '12:15:00'),
(4, 3, 'Wednesday', '10:45:00', '12:15:00'),
(5, 1, 'Friday', '10:45:00', '12:15:00'),
(1, 2, 'Tuesday', '13:00:00', '14:30:00'),
(2, 3, 'Thursday', '13:00:00', '14:30:00'),
(3, 1, 'Monday', '13:00:00', '14:30:00'),
(4, 2, 'Wednesday', '13:00:00', '14:30:00'),
(5, 3, 'Friday', '13:00:00', '14:30:00'),
(1, 1, 'Monday', '08:00:00', '09:30:00'),
(2, 2, 'Wednesday', '08:00:00', '09:30:00'),
(3, 3, 'Friday', '08:00:00', '09:30:00'),
(1, 2, 'Tuesday', '09:45:00', '11:15:00'),
(2, 3, 'Thursday', '09:45:00', '11:15:00'),
(3, 1, 'Monday', '09:45:00', '11:15:00'),
(4, 2, 'Wednesday', '09:45:00', '11:15:00'),
(5, 3, 'Friday', '09:45:00', '11:15:00'),
(1, 1, 'Tuesday', '14:00:00', '15:30:00'),
(2, 2, 'Thursday', '14:00:00', '15:30:00'),
(3, 3, 'Monday', '14:00:00', '15:30:00'),
(4, 1, 'Wednesday', '14:00:00', '15:30:00'),
(5, 2, 'Friday', '14:00:00', '15:30:00'),
(1, 2, 'Tuesday', '15:45:00', '17:15:00'),
(2, 3, 'Thursday', '15:45:00', '17:15:00'),
(3, 1, 'Monday', '15:45:00', '17:15:00'),
(4, 2, 'Wednesday', '15:45:00', '17:15:00'),
(5, 3, 'Friday', '15:45:00', '17:15:00'),
(1, 3, 'Tuesday', '08:00:00', '09:30:00'),
(2, 1, 'Thursday', '08:00:00', '09:30:00'),
(3, 2, 'Monday', '08:00:00', '09:30:00'),
(4, 3, 'Wednesday', '08:00:00', '09:30:00'),
(5, 1, 'Friday', '08:00:00', '09:30:00'),
(1, 2, 'Tuesday', '10:30:00', '12:00:00'),
(2, 3, 'Thursday', '10:30:00', '12:00:00'),
(3, 1, 'Monday', '10:30:00', '12:00:00'),
(4, 2, 'Wednesday', '10:30:00', '12:00:00'),
(5, 3, 'Friday', '10:30:00', '12:00:00'),
(1, 1, 'Tuesday', '12:15:00', '13:45:00'),
(2, 2, 'Thursday', '12:15:00', '13:45:00'),
(3, 3, 'Monday', '12:15:00', '13:45:00'),
(4, 1, 'Wednesday', '12:15:00', '13:45:00'),
(5, 2, 'Friday', '12:15:00', '13:45:00');
-- tao du lieu mau cho scholarships
INSERT INTO scholarships (scholarship_name, amount, student_id) VALUES
('Academic Excellence Scholarship', 1000.00, 1),
('Sports Achievement Scholarship', 800.00, 2),
('Need-Based Financial Aid', 1200.00, 3),
('Merit-Based Scholarship', 1500.00, 4),
('Community Service Scholarship', 600.00, 5),
('STEM Scholarship', 1100.00, 6),
('International Student Scholarship', 2000.00, 7),
('Leadership Scholarship', 900.00, 8),
('Cultural Exchange Scholarship', 700.00, 9),
('Women in Tech Scholarship', 1300.00, 10),
('Undergraduate Research Scholarship', 1400.00, 11),
('Full Tuition Scholarship', 3000.00, 12),
('Music Talent Scholarship', 650.00, 13),
('Engineering Scholarship', 1600.00, 14),
('Business Administration Scholarship', 950.00, 15),
('Environmental Studies Scholarship', 850.00, 16),
('Local Community Scholarship', 500.00, 17),
('Diversity Scholarship', 1000.00, 18),
('Study Abroad Scholarship', 1200.00, 19),
('First-Generation College Student Scholarship', 1100.00, 20),
('Technology Innovation Scholarship', 1300.00, 21),
('Math and Science Scholarship', 900.00, 22),
('Volunteer Service Scholarship', 750.00, 23),
('Healthcare Scholarship', 1400.00, 24),
('Journalism Scholarship', 850.00, 25),
('Social Justice Scholarship', 950.00, 26),
('Academic Achievement Scholarship', 1100.00, 27),
('Theatre Arts Scholarship', 600.00, 28),
('Entrepreneurship Scholarship', 1000.00, 29),
('Scholarship for Parents', 1200.00, 30),
('Graduate Studies Scholarship', 2000.00, 31),
('Philosophy Scholarship', 800.00, 32),
('Physics Scholarship', 1300.00, 33),
('Chemistry Scholarship', 700.00, 34),
('History Scholarship', 900.00, 35),
('Linguistics Scholarship', 1100.00, 36),
('Creative Writing Scholarship', 950.00, 37),
('Film Studies Scholarship', 1200.00, 38),
('Dance Scholarship', 600.00, 39),
('Culinary Arts Scholarship', 750.00, 40),
('Fashion Design Scholarship', 800.00, 41),
('Education Scholarship', 1300.00, 42),
('Veterans Scholarship', 1000.00, 43),
('STEM Education Scholarship', 1200.00, 44),
('Information Technology Scholarship', 1100.00, 45),
('Computer Science Scholarship', 1400.00, 46),
('Global Studies Scholarship', 900.00, 47),
('Philanthropy Scholarship', 600.00, 48),
('Peace and Conflict Studies Scholarship', 850.00, 49),
('Civic Engagement Scholarship', 950.00, 50),
('Anthropology Scholarship', 700.00, 51),
('Religious Studies Scholarship', 800.00, 52),
('Geology Scholarship', 900.00, 53),
('Economics Scholarship', 1100.00, 54),
('Sociology Scholarship', 1200.00, 55),
('Public Policy Scholarship', 1300.00, 56),
('Human Rights Scholarship', 1400.00, 57),
('Native American Scholarship', 800.00, 58),
('International Relations Scholarship', 900.00, 59),
('Communication Studies Scholarship', 950.00, 60),
('Digital Media Scholarship', 750.00, 61),
('Marketing Scholarship', 850.00, 62),
('Finance Scholarship', 1000.00, 63),
('Accounting Scholarship', 1200.00, 64),
('Data Science Scholarship', 1300.00, 65),
('Artificial Intelligence Scholarship', 1400.00, 66),
('Cybersecurity Scholarship', 900.00, 67),
('Information Systems Scholarship', 1100.00, 68),
('Web Development Scholarship', 800.00, 69),
('Mobile App Development Scholarship', 950.00, 70),
('Game Development Scholarship', 1200.00, 71),
('Graphic Design Scholarship', 700.00, 72),
('Interior Design Scholarship', 800.00, 73),
('Photography Scholarship', 750.00, 74),
('Writing and Rhetoric Scholarship', 950.00, 75),
('Business Analytics Scholarship', 1100.00, 76),
('Public Relations Scholarship', 800.00, 77),
('Event Management Scholarship', 700.00, 78),
('Tourism Scholarship', 600.00, 79),
('Hospitality Management Scholarship', 1000.00, 80),
('Real Estate Scholarship', 1200.00, 81),
('Urban Studies Scholarship', 1100.00, 82),
('Creative Arts Scholarship', 800.00, 83),
('Social Work Scholarship', 950.00, 84),
('Counseling Scholarship', 700.00, 85),
('Therapy Scholarship', 800.00, 86),
('Child Development Scholarship', 750.00, 87),
('Public Health Scholarship', 950.00, 88),
('Nursing Scholarship', 1200.00, 89),
('Pharmacy Scholarship', 1400.00, 90),
('Biotechnology Scholarship', 1300.00, 91),
('Marine Biology Scholarship', 900.00, 92),
('Environmental Science Scholarship', 1100.00, 93),
('Mathematics Scholarship', 1000.00, 94),
('Statistics Scholarship', 1200.00, 95),
('Actuarial Science Scholarship', 1300.00, 96),
('Nuclear Engineering Scholarship', 900.00, 97),
('Electrical Engineering Scholarship', 1100.00, 98),
('Civil Engineering Scholarship', 1200.00, 99),
('Mechanical Engineering Scholarship', 1300.00, 100);

