-- Thêm dữ liệu vào bảng departments
INSERT INTO departments (id, department_name, location) VALUES
(1, 'Computer Science', 'Building A'),
(2, 'Electrical Engineering', 'Building B'),
(3, 'Mechanical Engineering', 'Building C'),
(4, 'Civil Engineering', 'Building D'),
(5, 'Business Administration', 'Building E'),
(6, 'Mathematics', 'Building F'),
(7, 'Physics', 'Building G'),
(8, 'Chemistry', 'Building H'),
(9, 'Biology', 'Building I'),
(10, 'Environmental Science', 'Building J'),
(11, 'Architecture', 'Building K'),
(12, 'Law', 'Building L'),
(13, 'Economics', 'Building M'),
(14, 'Psychology', 'Building N'),
(15, 'Education', 'Building O'),
(16, 'Philosophy', 'Building P'),
(17, 'Sociology', 'Building Q'),
(18, 'Medicine', 'Building R'),
(19, 'Nursing', 'Building S'),
(20, 'Linguistics', 'Building T'),
(21, 'History', 'Building U'),
(22, 'Geography', 'Building V'),
(23, 'Political Science', 'Building W'),
(24, 'Statistics', 'Building X'),
(25, 'Information Technology', 'Building Y'),
(26, 'Aerospace Engineering', 'Building Z'),
(27, 'Material Science', 'Building AA'),
(28, 'Biomedical Engineering', 'Building AB'),
(29, 'Artificial Intelligence', 'Building AC'),
(30, 'Cybersecurity', 'Building AD'),
(31, 'Data Science', 'Building AE'),
(32, 'Robotics', 'Building AF'),
(33, 'Game Design', 'Building AG'),
(34, 'Astronomy', 'Building AH'),
(35, 'Marine Biology', 'Building AI'),
(36, 'Geology', 'Building AJ'),
(37, 'Forestry', 'Building AK'),
(38, 'Agriculture', 'Building AL'),
(39, 'Veterinary Science', 'Building AM'),
(40, 'Public Health', 'Building AN'),
(41, 'Dentistry', 'Building AO'),
(42, 'Pharmacy', 'Building AP'),
(43, 'Optometry', 'Building AQ'),
(44, 'Anthropology', 'Building AR'),
(45, 'Archaeology', 'Building AS'),
(46, 'International Relations', 'Building AT'),
(47, 'Sports Science', 'Building AU'),
(48, 'Music', 'Building AV'),
(49, 'Performing Arts', 'Building AW'),
(50, 'Fine Arts', 'Building AX'),
(51, 'Library Science', 'Building AY'),
(52, 'Religious Studies', 'Building AZ'),
(53, 'Urban Planning', 'Building BA'),
(54, 'Media Studies', 'Building BB'),
(55, 'Film Studies', 'Building BC'),
(56, 'Creative Writing', 'Building BD'),
(57, 'Fashion Design', 'Building BE'),
(58, 'Graphic Design', 'Building BF'),
(59, 'Industrial Design', 'Building BG'),
(60, 'Interior Design', 'Building BH'),
(61, 'Supply Chain Management', 'Building BI'),
(62, 'Entrepreneurship', 'Building BJ'),
(63, 'Hotel Management', 'Building BK'),
(64, 'Tourism Management', 'Building BL'),
(65, 'Human Resource Management', 'Building BM'),
(66, 'Accounting', 'Building BN'),
(67, 'Marketing', 'Building BO'),
(68, 'Finance', 'Building BP'),
(69, 'International Business', 'Building BQ'),
(70, 'Real Estate', 'Building BR'),
(71, 'Operations Management', 'Building BS'),
(72, 'Business Analytics', 'Building BT'),
(73, 'E-Commerce', 'Building BU'),
(74, 'Health Informatics', 'Building BV'),
(75, 'Energy Engineering', 'Building BW'),
(76, 'Nuclear Engineering', 'Building BX'),
(77, 'Automotive Engineering', 'Building BY'),
(78, 'Petroleum Engineering', 'Building BZ'),
(79, 'Mining Engineering', 'Building CA'),
(80, 'Nanotechnology', 'Building CB'),
(81, 'Food Science', 'Building CC'),
(82, 'Hospitality Management', 'Building CD'),
(83, 'Cognitive Science', 'Building CE'),
(84, 'Artificial Neural Networks', 'Building CF'),
(85, 'Quantum Computing', 'Building CG'),
(86, 'Ethics and Governance', 'Building CH'),
(87, 'Social Work', 'Building CI'),
(88, 'Cultural Studies', 'Building CJ'),
(89, 'Gender Studies', 'Building CK'),
(90, 'Environmental Engineering', 'Building CL'),
(91, 'Renewable Energy', 'Building CM'),
(92, 'Biotechnology', 'Building CN'),
(93, 'Genetics', 'Building CO'),
(94, 'Plant Science', 'Building CP'),
(95, 'Horticulture', 'Building CQ'),
(96, 'Zoology', 'Building CR'),
(97, 'Oceanography', 'Building CS'),
(98, 'Meteorology', 'Building CT'),
(99, 'Disaster Management', 'Building CU'),
(100, 'Peace and Conflict Studies', 'Building CV');
-- Thêm dữ liệu vào bảng classes
INSERT INTO classes (id, class_name, class_description) VALUES
  (1, 'CS1', 'Introduction to Computer Science'),
  (2, 'CS2', 'Advanced Programming'),
  (3, 'EE1', 'Basic Electrical Engineering'),
  (4, 'ME1', 'Introduction to Mechanical Engineering'),
  (5, 'ME2', 'Thermodynamics'),
  (6, 'CE1', 'Introduction to Civil Engineering'),
  (7, 'CE2', 'Structural Analysis'),
  (8, 'MATH1', 'Calculus I'),
  (9, 'MATH2', 'Linear Algebra'),
  (10, 'PHYS1', 'Classical Mechanics'),
  (11, 'PHYS2', 'Electromagnetism'),
  (12, 'CHEM1', 'General Chemistry'),
  (13, 'CHEM2', 'Organic Chemistry'),
  (14, 'BIO1', 'Biology Fundamentals'),
  (15, 'BIO2', 'Genetics and Evolution'),
  (16, 'CS3', 'Data Structures and Algorithms'),
  (17, 'CS4', 'Operating Systems'),
  (18, 'CS5', 'Database Management Systems'),
  (19, 'CS6', 'Computer Networks'),
  (20, 'CS7', 'Software Engineering'),
  (21, 'CS8', 'Artificial Intelligence'),
  (22, 'CS9', 'Machine Learning'),
  (23, 'CS10', 'Cybersecurity Principles'),
  (24, 'EE2', 'Digital Circuits'),
  (25, 'EE3', 'Analog Electronics'),
  (26, 'EE4', 'Signals and Systems'),
  (27, 'EE5', 'Power Systems'),
  (28, 'ME3', 'Fluid Mechanics'),
  (29, 'ME4', 'Heat Transfer'),
  (30, 'CE3', 'Geotechnical Engineering'),
  (31, 'CE4', 'Environmental Engineering'),
  (32, 'MATH3', 'Differential Equations'),
  (33, 'MATH4', 'Statistics and Probability'),
  (34, 'PHYS3', 'Quantum Mechanics'),
  (35, 'PHYS4', 'Thermodynamics and Statistical Physics'),
  (36, 'CHEM3', 'Physical Chemistry'),
  (37, 'BIO3', 'Microbiology'),
  (38, 'BIO4', 'Biochemistry'),
  (39, 'CS11', 'Introduction to Data Science'),
  (40, 'CS12', 'Cloud Computing'),
  (41, 'CS13', 'Blockchain Technology'),
  (42, 'CS14', 'Game Development'),
  (43, 'CS15', 'Mobile App Development'),
  (44, 'EE6', 'Microcontrollers and Applications'),
  (45, 'EE7', 'Communication Systems'),
  (46, 'ME5', 'Robotics and Automation'),
  (47, 'ME6', 'Manufacturing Processes'),
  (48, 'CE5', 'Transportation Engineering'),
  (49, 'MATH5', 'Numerical Methods'),
  (50, 'PHYS5', 'Astrophysics'),
  (51, 'CHEM4', 'Inorganic Chemistry'),
  (52, 'BIO5', 'Ecology and Conservation Biology'),
  (53, 'CS16', 'Big Data Analytics'),
  (54, 'CS17', 'Human-Computer Interaction'),
  (55, 'CS18', 'Natural Language Processing'),
  (56, 'CS19', 'Computer Vision'),
  (57, 'EE8', 'Embedded Systems'),
  (58, 'ME7', 'Renewable Energy Systems'),
  (59, 'ME8', 'Automotive Engineering'),
  (60, 'CE6', 'Hydrology'),
  (61, 'CE7', 'Construction Management'),
  (62, 'MATH6', 'Abstract Algebra'),
  (63, 'PHYS6', 'Optics'),
  (64, 'CHEM5', 'Analytical Chemistry'),
  (65, 'BIO6', 'Cell Biology'),
  (66, 'CS20', 'Introduction to Robotics'),
  (67, 'CS21', 'Quantum Computing'),
  (68, 'CS22', 'Ethics in Technology'),
  (69, 'EE9', 'Control Systems'),
  (70, 'ME9', 'Mechatronics'),
  (71, 'CE8', 'Urban Planning'),
  (72, 'MATH7', 'Complex Variables'),
  (73, 'PHYS7', 'Nuclear Physics'),
  (74, 'CHEM6', 'Materials Chemistry'),
  (75, 'BIO7', 'Molecular Biology'),
  (76, 'CS23', 'Data Privacy and Security'),
  (77, 'CS24', 'Augmented Reality and Virtual Reality'),
  (78, 'CS25', 'Web Development'),
  (79, 'EE10', 'Digital Signal Processing'),
  (80, 'ME10', 'Energy Systems'),
  (81, 'CE9', 'Bridge Engineering'),
  (82, 'MATH8', 'Discrete Mathematics'),
  (83, 'PHYS8', 'Applied Physics'),
  (84, 'CHEM7', 'Environmental Chemistry'),
  (85, 'BIO8', 'Neurobiology'),
  (86, 'CS26', 'IoT Systems'),
  (87, 'CS27', 'DevOps Engineering'),
  (88, 'EE11', 'VLSI Design'),
  (89, 'ME11', 'Aerospace Engineering'),
  (90, 'CE10', 'Advanced Structural Design'),
  (91, 'MATH9', 'Game Theory'),
  (92, 'PHYS9', 'Plasma Physics'),
  (93, 'CHEM8', 'Chemical Kinetics'),
  (94, 'BIO9', 'Developmental Biology'),
  (95, 'CS28', 'Edge Computing'),
  (96, 'CS29', 'Blockchain Development'),
  (97, 'EE12', 'Photovoltaic Systems'),
  (98, 'ME12', 'Thermal Power Plants'),
  (99, 'CE11', 'Coastal Engineering'),
  (100, 'MATH10', 'Mathematical Modeling');

-- Thêm dữ liệu vào bảng majors
INSERT INTO majors (id, major_name, description, department_id) VALUES
 (1, 'Computer Science', 'Focuses on software, algorithms, and systems.', 1),
 (2, 'Electrical Engineering', 'Covers circuits, electronics, and electromagnetics.', 2),
 (3, 'Mechanical Engineering', 'Focuses on mechanical systems and materials.', 3),
 (4, 'Civil Engineering', 'Focuses on infrastructure design and construction.', 4),
 (5, 'Business Administration', 'Covers management, finance, and operations.', 5),
 (6, 'Mathematics', 'Includes calculus, algebra, and applied mathematics.', 6),
 (7, 'Physics', 'Studies matter, energy, and physical laws.', 7),
 (8, 'Chemistry', 'Explores chemical reactions and materials.', 8),
 (9, 'Biology', 'Focuses on living organisms and ecosystems.', 9),
 (10, 'Environmental Science', 'Studies environmental issues and sustainability.', 10),
 (11, 'Architecture', 'Combines art and engineering for building design.', 11),
 (12, 'Law', 'Focuses on legal systems and regulations.', 12),
 (13, 'Economics', 'Studies markets, trade, and economic policies.', 13),
 (14, 'Psychology', 'Explores human behavior and mental processes.', 14),
 (15, 'Education', 'Prepares for teaching and academic careers.', 15),
 (16, 'Philosophy', 'Focuses on logic, ethics, and knowledge.', 16),
 (17, 'Sociology', 'Studies societies and social relationships.', 17),
 (18, 'Medicine', 'Focuses on diagnosing and treating illnesses.', 18),
 (19, 'Nursing', 'Prepares for patient care and clinical practice.', 19),
 (20, 'Linguistics', 'Studies languages and their structures.', 20),
 (21, 'History', 'Explores past events and historical narratives.', 21),
 (22, 'Geography', 'Studies physical features and human activities.', 22),
 (23, 'Political Science', 'Focuses on politics, governance, and policy.', 23),
 (24, 'Statistics', 'Covers data analysis and probability theory.', 24),
 (25, 'Information Technology', 'Focuses on IT systems and management.', 25),
 (26, 'Aerospace Engineering', 'Studies flight systems and space exploration.', 26),
 (27, 'Material Science', 'Explores material properties and applications.', 27),
 (28, 'Biomedical Engineering', 'Applies engineering to medical technology.', 28),
 (29, 'Artificial Intelligence', 'Focuses on AI systems and machine learning.', 29),
 (30, 'Cybersecurity', 'Studies information security and data protection.', 30),
 (31, 'Data Science', 'Explores data analysis and visualization.', 31),
 (32, 'Robotics', 'Covers robot design and automation.', 32),
 (33, 'Game Design', 'Focuses on game development and production.', 33),
 (34, 'Astronomy', 'Studies celestial objects and space.', 34),
 (35, 'Marine Biology', 'Focuses on marine ecosystems and organisms.', 35),
 (36, 'Geology', 'Studies Earth’s physical structure and processes.', 36),
 (37, 'Forestry', 'Explores forest ecosystems and management.', 37),
 (38, 'Agriculture', 'Focuses on farming and food production.', 38),
 (39, 'Veterinary Science', 'Prepares for animal healthcare and medicine.', 39),
 (40, 'Public Health', 'Focuses on community health and policy.', 40),
 (41, 'Dentistry', 'Covers dental care and oral health.', 41),
 (42, 'Pharmacy', 'Studies drug development and patient care.', 42),
 (43, 'Optometry', 'Focuses on vision and eye health.', 43),
 (44, 'Anthropology', 'Studies human cultures and societies.', 44),
 (45, 'Archaeology', 'Explores ancient artifacts and sites.', 45),
 (46, 'International Relations', 'Focuses on diplomacy and global affairs.', 46),
 (47, 'Sports Science', 'Explores human performance and exercise.', 47),
 (48, 'Music', 'Focuses on music theory and performance.', 48),
 (49, 'Performing Arts', 'Studies drama, dance, and theater.', 49),
 (50, 'Fine Arts', 'Explores painting, sculpture, and visual arts.', 50),
 (51, 'Library Science', 'Focuses on information organization and retrieval.', 51),
 (52, 'Religious Studies', 'Explores world religions and beliefs.', 52),
 (53, 'Urban Planning', 'Focuses on city development and zoning.', 53),
 (54, 'Media Studies', 'Covers communication and media analysis.', 54),
 (55, 'Film Studies', 'Focuses on cinema history and production.', 55),
 (56, 'Creative Writing', 'Explores fiction, poetry, and storytelling.', 56),
 (57, 'Fashion Design', 'Covers clothing design and production.', 57),
 (58, 'Graphic Design', 'Focuses on visual communication and design.', 58),
 (59, 'Industrial Design', 'Explores product design and manufacturing.', 59),
 (60, 'Interior Design', 'Focuses on spatial design and decoration.', 60),
 (61, 'Supply Chain Management', 'Studies logistics and operations.', 61),
 (62, 'Entrepreneurship', 'Prepares for business creation and innovation.', 62),
 (63, 'Hotel Management', 'Focuses on hospitality and tourism.', 63),
 (64, 'Tourism Management', 'Explores travel and event planning.', 64),
 (65, 'Human Resource Management', 'Covers workforce planning and management.', 65),
 (66, 'Accounting', 'Focuses on financial reporting and analysis.', 66),
 (67, 'Marketing', 'Explores advertising and market strategies.', 67),
 (68, 'Finance', 'Studies investment and financial management.', 68),
 (69, 'International Business', 'Focuses on global trade and commerce.', 69),
 (70, 'Real Estate', 'Covers property management and investment.', 70),
 (71, 'Operations Management', 'Focuses on efficiency in production.', 71),
 (72, 'Business Analytics', 'Explores data for business decisions.', 72),
 (73, 'E-Commerce', 'Focuses on online business and sales.', 73),
 (74, 'Health Informatics', 'Studies IT in healthcare.', 74),
 (75, 'Energy Engineering', 'Explores energy production and systems.', 75),
 (76, 'Nuclear Engineering', 'Focuses on nuclear systems and safety.', 76),
 (77, 'Automotive Engineering', 'Studies vehicle design and production.', 77),
 (78, 'Petroleum Engineering', 'Explores oil and gas extraction.', 78),
 (79, 'Mining Engineering', 'Focuses on resource extraction.', 79),
 (80, 'Nanotechnology', 'Explores nanoscale materials and devices.', 80),
 (81, 'Food Science', 'Focuses on food production and safety.', 81),
 (82, 'Hospitality Management', 'Covers hotel and event management.', 82),
 (83, 'Cognitive Science', 'Explores brain and cognition.', 83),
 (84, 'Ethics and Governance', 'Focuses on ethical frameworks and policy.', 84),
 (85, 'Social Work', 'Prepares for community service roles.', 85),
 (86, 'Cultural Studies', 'Explores cultural expressions and trends.', 86),
 (87, 'Gender Studies', 'Focuses on gender and society.', 87),
 (88, 'Environmental Engineering', 'Covers sustainable engineering solutions.', 88),
 (89, 'Renewable Energy', 'Studies sustainable energy sources.', 89),
 (90, 'Biotechnology', 'Explores genetic engineering and bioprocessing.', 90),
 (91, 'Genetics', 'Focuses on DNA and heredity.', 91),
 (92, 'Plant Science', 'Covers botany and plant ecosystems.', 92),
 (93, 'Horticulture', 'Explores crop cultivation and management.', 93),
 (94, 'Zoology', 'Focuses on animal biology and behavior.', 94),
 (95, 'Oceanography', 'Studies oceans and marine life.', 95),
 (96, 'Meteorology', 'Focuses on weather and climate.', 96),
 (97, 'Disaster Management', 'Prepares for crisis response.', 97),
 (98, 'Peace and Conflict Studies', 'Explores global peace strategies.', 98),
 (99, 'Quantum Computing', 'Studies quantum-based computation.', 99),
 (100, 'Augmented Reality', 'Focuses on AR technology and applications.', 100);

-- Thêm dữ liệu vào bảng teachers
INSERT INTO teachers (id, first_name, last_name, email, phone_number, department_id) VALUES
 (1, 'Alice', 'Smith', 'alice.smith@example.com', '1234567890', 1),
 (2, 'Bob', 'Johnson', 'bob.johnson@example.com', '0987654321', 2),
 (3, 'Charlie', 'Brown', 'charlie.brown@example.com', '5678901234', 3),
 (4, 'David', 'Williams', 'david.williams@example.com', '2345678901', 1),
 (5, 'Eva', 'Jones', 'eva.jones@example.com', '3456789012', 2),
 (6, 'Frank', 'Miller', 'frank.miller@example.com', '4567890123', 3),
 (7, 'Grace', 'Davis', 'grace.davis@example.com', '5678901234', 1),
 (8, 'Hannah', 'Garcia', 'hannah.garcia@example.com', '6789012345', 2),
 (9, 'Isaac', 'Martinez', 'isaac.martinez@example.com', '7890123456', 3),
 (10, 'Jack', 'Hernandez', 'jack.hernandez@example.com', '8901234567', 1),
 (11, 'Karen', 'Lopez', 'karen.lopez@example.com', '9012345678', 2),
 (12, 'Liam', 'Gonzalez', 'liam.gonzalez@example.com', '1122334455', 3),
 (13, 'Mia', 'Wilson', 'mia.wilson@example.com', '2233445566', 1),
 (14, 'Noah', 'Anderson', 'noah.anderson@example.com', '3344556677', 2),
 (15, 'Olivia', 'Thomas', 'olivia.thomas@example.com', '4455667788', 3),
 (16, 'Paul', 'Jackson', 'paul.jackson@example.com', '5566778899', 1),
 (17, 'Quinn', 'White', 'quinn.white@example.com', '6677889900', 2),
 (18, 'Rachel', 'Harris', 'rachel.harris@example.com', '7788990011', 3),
 (19, 'Sam', 'Clark', 'sam.clark@example.com', '8899001122', 1),
 (20, 'Tina', 'Lewis', 'tina.lewis@example.com', '9900112233', 2),
 (21, 'Ursula', 'Young', 'ursula.young@example.com', '1230987654', 3),
 (22, 'Victor', 'Allen', 'victor.allen@example.com', '2341098765', 1),
 (23, 'Wendy', 'Sanchez', 'wendy.sanchez@example.com', '3452109876', 2),
 (24, 'Xander', 'King', 'xander.king@example.com', '4563210987', 3),
 (25, 'Yvonne', 'Scott', 'yvonne.scott@example.com', '5674321098', 1),
 (26, 'Zachary', 'Adams', 'zachary.adams@example.com', '6785432109', 2),
 (27, 'Amanda', 'Baker', 'amanda.baker@example.com', '7896543210', 3),
 (28, 'Brad', 'Carter', 'brad.carter@example.com', '8907654321', 1),
 (29, 'Catherine', 'Nelson', 'catherine.nelson@example.com', '9018765432', 2),
 (30, 'Dylan', 'Mitchell', 'dylan.mitchell@example.com', '1239876543', 3),
 (31, 'Ethan', 'Perez', 'ethan.perez@example.com', '2340987654', 1),
 (32, 'Fiona', 'Roberts', 'fiona.roberts@example.com', '3451098765', 2),
 (33, 'George', 'Evans', 'george.evans@example.com', '4562109876', 3),
 (34, 'Helen', 'Graham', 'helen.graham@example.com', '5673210987', 1),
 (35, 'Ivy', 'Garrett', 'ivy.garrett@example.com', '6784321098', 2),
 (36, 'James', 'Russell', 'james.russell@example.com', '7895432109', 3),
 (37, 'Kylie', 'Fox', 'kylie.fox@example.com', '8906543210', 1),
 (38, 'Lucas', 'Bennett', 'lucas.bennett@example.com', '9017654321', 2),
 (39, 'Maya', 'Ward', 'maya.ward@example.com', '1238765432', 3),
 (40, 'Nina', 'Cunningham', 'nina.cunningham@example.com', '2349876543', 1),
 (41, 'Oscar', 'Gonzales', 'oscar.gonzales@example.com', '3450987654', 2),
 (42, 'Pauline', 'Sullivan', 'pauline.sullivan@example.com', '4561098765', 3),
 (43, 'Quincy', 'Wood', 'quincy.wood@example.com', '5672109876', 1),
 (44, 'Rafael', 'Hughes', 'rafael.hughes@example.com', '6783210987', 2),
 (45, 'Sophie', 'Oliver', 'sophie.oliver@example.com', '7894321098', 3),
 (46, 'Travis', 'Simmons', 'travis.simmons@example.com', '8905432109', 1),
 (47, 'Uma', 'Foster', 'uma.foster@example.com', '9016543210', 2),
 (48, 'Vera', 'Diaz', 'vera.diaz@example.com', '1237654321', 3),
 (49, 'William', 'Rivera', 'william.rivera@example.com', '2348765432', 1),
 (50, 'Ximena', 'Morris', 'ximena.morris@example.com', '3459876543', 2),
 (51, 'Yasmin', 'Morales', 'yasmin.morales@example.com', '4560987654', 3),
 (52, 'Zane', 'Riley', 'zane.riley@example.com', '5671098765', 1),
 (53, 'Aiden', 'Parker', 'aiden.parker@example.com', '6782109876', 2),
 (54, 'Brayden', 'Snyder', 'brayden.snyder@example.com', '7893210987', 3),
 (55, 'Chloe', 'Burns', 'chloe.burns@example.com', '8904321098', 1),
 (56, 'Daniel', 'Fleming', 'daniel.fleming@example.com', '9015432109', 2),
 (57, 'Ella', 'Walsh', 'ella.walsh@example.com', '1236543210', 3),
 (58, 'Felix', 'Hunt', 'felix.hunt@example.com', '2347654321', 1),
 (59, 'Gavin', 'Gibson', 'gavin.gibson@example.com', '3458765432', 2),
 (60, 'Holly', 'Chavez', 'holly.chavez@example.com', '4569876543', 3),
 (61, 'Irene', 'Bishop', 'irene.bishop@example.com', '5670987654', 1),
 (62, 'John', 'Chang', 'john.chang@example.com', '6782098765', 2),
 (63, 'Katie', 'Curtis', 'katie.curtis@example.com', '7893209876', 3),
 (64, 'Lance', 'Snyder', 'lance.snyder@example.com', '8904310987', 1),
 (65, 'Maggie', 'Harper', 'maggie.harper@example.com', '9015421098', 2),
 (66, 'Nick', 'Spencer', 'nick.spencer@example.com', '1236532109', 3),
 (67, 'Olga', 'Ferguson', 'olga.ferguson@example.com', '2347643210', 1),
 (68, 'Peter', 'Bryant', 'peter.bryant@example.com', '3458754321', 2),
 (69, 'Quinn', 'Glover', 'quinn.glover@example.com', '4569865432', 3),
 (70, 'Riley', 'Stewart', 'riley.stewart@example.com', '5670976543', 1),
 (71, 'Sarah', 'Morris', 'sarah.morris@example.com', '6782087654', 2),
 (72, 'Terry', 'Henderson', 'terry.henderson@example.com', '7893198765', 3),
 (73, 'Uriah', 'Reed', 'uriah.reed@example.com', '8904309876', 1),
 (74, 'Vicky', 'Bell', 'vicky.bell@example.com', '9015410987', 2),
 (75, 'Walter', 'Curtis', 'walter.curtis@example.com', '1236521098', 3),
 (76, 'Xander', 'Garcia', 'xander.garcia@example.com', '2347632109', 1),
 (77, 'Yasmine', 'Martinez', 'yasmine.martinez@example.com', '3458743210', 2),
 (78, 'Zane', 'Johnson', 'zane.johnson@example.com', '4569854321', 3),
 (79, 'Andrew', 'Evans', 'andrew.evans@example.com', '5670965432', 1),
 (80, 'Beth', 'Gonzales', 'beth.gonzales@example.com', '6782076543', 2),
 (81, 'Celia', 'Wright', 'celia.wright@example.com', '7893187654', 3),
 (82, 'Diana', 'Green', 'diana.green@example.com', '8904298765', 1),
 (83, 'Ethan', 'Adams', 'ethan.adams@example.com', '9015409876', 2),
 (84, 'Felicia', 'Miller', 'felicia.miller@example.com', '1236510987', 3),
 (85, 'Gavin', 'King', 'gavin.king@example.com', '2347621098', 1),
 (86, 'Hannah', 'Scott', 'hannah.scott@example.com', '3458732109', 2),
 (87, 'Ian', 'Roberts', 'ian.roberts@example.com', '4569843210', 3),
 (88, 'Julian', 'Perez', 'julian.perez@example.com', '5670954321', 1),
 (89, 'Kara', 'Hughes', 'kara.hughes@example.com', '6782065432', 2),
 (90, 'Luke', 'Watson', 'luke.watson@example.com', '7893176543', 3),
 (91, 'Maya', 'Diaz', 'maya.diaz@example.com', '8904287654', 1),
 (92, 'Nora', 'James', 'nora.james@example.com', '9015398765', 2),
 (93, 'Olivia', 'Lee', 'olivia.lee@example.com', '1236509876', 3),
 (94, 'Penny', 'Perez', 'penny.perez@example.com', '2347610987', 1),
 (95, 'Quincy', 'White', 'quincy.white@example.com', '3458721098', 2),
 (96, 'Rachelle', 'Clark', 'rachelle.clark@example.com', '4569832109', 3),
 (97, 'Simon', 'Evans', 'simon.evans@example.com', '5670943210', 1),
 (98, 'Tina', 'Sullivan', 'tina.sullivan@example.com', '6782054321', 2),
 (99, 'Ursula', 'Taylor', 'ursula.taylor@example.com', '7893165432', 3),
 (100, 'Victor', 'Walker', 'victor.walker@example.com', '8904276543', 1);

-- Thêm dữ liệu vào bảng courses
INSERT INTO courses (id, course_name, course_code, credits, major_id, teacher_id) VALUES
(1, 'Introduction to Programming', 'CS101', 3, 1, 1),
(2, 'Data Structures', 'CS201', 4, 1, 1),
 (3, 'Circuit Analysis', 'EE101', 3, 2, 2),
 (4, 'Thermodynamics', 'ME101', 4, 3, 3),
(5, 'Algorithms', 'CS301', 3, 1, 2),
(6, 'Database Systems', 'CS302', 4, 1, 3),
(7, 'Electrical Circuits', 'EE201', 3, 2, 4),
(8, 'Fluid Mechanics', 'ME201', 4, 3, 5),
(9, 'Operating Systems', 'CS401', 3, 1, 6),
(10, 'Discrete Mathematics', 'CS402', 3, 1, 7),
(11, 'Signals and Systems', 'EE301', 3, 2, 8),
(12, 'Control Systems', 'EE302', 4, 2, 9),
(13, 'Heat Transfer', 'ME301', 3, 3, 10),
(14, 'VLSI Design', 'EE401', 4, 2, 11),
(15, 'Software Engineering', 'CS501', 3, 1, 12),
(16, 'Embedded Systems', 'EE402', 3, 2, 13),
(17, 'Mechanical Vibrations', 'ME401', 3, 3, 14),
(18, 'Artificial Intelligence', 'CS502', 3, 1, 15),
(19, 'Machine Learning', 'CS503', 3, 1, 16),
(20, 'Digital Logic Design', 'EE501', 4, 2, 17),
(21, 'Power Systems', 'EE502', 4, 2, 18),
(22, 'Thermodynamics II', 'ME501', 3, 3, 19),
(23, 'Computer Networks', 'CS601', 3, 1, 20),
(24, 'Data Communication', 'EE601', 3, 2, 21),
(25, 'Mechanical Design', 'ME601', 4, 3, 22),
(26, 'Web Development', 'CS701', 3, 1, 23),
(27, 'Mobile App Development', 'CS702', 3, 1, 24),
(28, 'Linear Algebra', 'CS801', 3, 1, 25),
(29, 'Computer Architecture', 'CS802', 4, 1, 26),
(30, 'Quantum Mechanics', 'ME701', 4, 3, 27),
(31, 'Digital Signal Processing', 'EE701', 3, 2, 28),
(32, 'Introduction to Robotics', 'ME702', 3, 3, 29),
(33, 'Advanced Algorithms', 'CS901', 3, 1, 30),
(34, 'Advanced Databases', 'CS902', 4, 1, 31),
(35, 'Control Theory', 'EE801', 4, 2, 32),
(36, 'Power Electronics', 'EE802', 4, 2, 33),
(37, 'Strength of Materials', 'ME801', 3, 3, 34),
(38, 'Automation Systems', 'ME802', 3, 3, 35),
(39, 'Internet of Things', 'CS1001', 3, 1, 36),
(40, 'Big Data Analytics', 'CS1002', 4, 1, 37),
(41, 'Embedded Hardware', 'EE1001', 3, 2, 38),
(42, 'Advanced Electrical Circuits', 'EE1002', 3, 2, 39),
(43, 'Advanced Thermodynamics', 'ME1001', 3, 3, 40),
(44, 'Introduction to Data Science', 'CS1101', 3, 1, 41),
(45, 'Bioengineering', 'ME1101', 3, 3, 42),
(46, 'Digital Image Processing', 'EE1101', 4, 2, 43),
(47, 'Cloud Computing', 'CS1201', 3, 1, 44),
(48, 'Microelectronics', 'EE1201', 3, 2, 45),
(49, 'Heat and Mass Transfer', 'ME1201', 4, 3, 46),
(50, 'Data Security', 'CS1301', 3, 1, 47),
(51, 'Nanoelectronics', 'EE1301', 4, 2, 48),
(52, 'Robotic Systems', 'ME1301', 3, 3, 49),
(53, 'Cybersecurity', 'CS1401', 3, 1, 50),
(54, 'Optoelectronics', 'EE1401', 4, 2, 51),
(55, 'Automotive Engineering', 'ME1401', 3, 3, 52),
(56, 'Blockchain Technology', 'CS1501', 3, 1, 53),
(57, 'Power Systems Engineering', 'EE1501', 4, 2, 54),
(58, 'Thermodynamics III', 'ME1501', 3, 3, 55),
(59, 'Artificial Neural Networks', 'CS1601', 3, 1, 56),
(60, 'Advanced Power Electronics', 'EE1601', 4, 2, 57),
(61, 'Mechanical Behavior of Materials', 'ME1601', 3, 3, 58),
(62, 'Advanced Control Systems', 'EE1701', 4, 2, 59),
(63, 'Data Visualization', 'CS1701', 3, 1, 60),
(64, 'Nanotechnology', 'ME1701', 3, 3, 61),
(65, 'Computer Vision', 'CS1801', 3, 1, 62),
(66, 'Digital Communications', 'EE1801', 4, 2, 63),
(67, 'Fluid Dynamics', 'ME1801', 4, 3, 64),
(68, 'Human-Computer Interaction', 'CS1901', 3, 1, 65),
(69, 'Wireless Networks', 'EE1901', 3, 2, 66),
(70, 'Advanced Manufacturing Processes', 'ME1901', 4, 3, 67),
(71, 'Augmented Reality', 'CS2001', 3, 1, 68),
(72, 'Internet of Things II', 'CS2002', 3, 1, 69),
(73, 'Smart Grids', 'EE2001', 4, 2, 70),
(74, 'Sustainable Energy Systems', 'ME2001', 3, 3, 71),
(75, 'Artificial Intelligence II', 'CS2101', 3, 1, 72),
(76, 'Advanced Electrical Machines', 'EE2101', 4, 2, 73),
(77, 'Computational Fluid Dynamics', 'ME2101', 3, 3, 74),
(78, 'Software Development Life Cycle', 'CS2201', 3, 1, 75),
(79, 'Electric Drives', 'EE2201', 4, 2, 76),
(80, 'Thermal Science', 'ME2201', 3, 3, 77),
(81, 'Data Analytics', 'CS2301', 3, 1, 78),
(82, 'Advanced Signal Processing', 'EE2301', 4, 2, 79),
(83, 'Finite Element Analysis', 'ME2301', 3, 3, 80),
(84, 'Robotics II', 'CS2401', 3, 1, 81),
(85, 'Semiconductor Devices', 'EE2401', 4, 2, 82),
(86, 'Composite Materials', 'ME2401', 3, 3, 83),
(87, 'AI in Engineering', 'CS2501', 3, 1, 84),
(88, 'Renewable Energy Systems', 'EE2501', 3, 2, 85),
(89, 'Biomechanics', 'ME2501', 4, 3, 86),
(90, 'Data Science in Engineering', 'CS2601', 3, 1, 87),
(91, 'Advanced Power Systems', 'EE2601', 4, 2, 88),
(92, 'Finite Element Methods in Engineering', 'ME2601', 3, 3, 89),
(93, 'High Performance Computing', 'CS2701', 3, 1, 90),
(94, 'Smart Materials', 'EE2701', 3, 2, 91),
(95, 'Advanced Robotics', 'ME2701', 4, 3, 92),
(96, 'Cloud Computing II', 'CS2801', 3, 1, 93),
(97, 'Embedded Software Development', 'EE2801', 4, 2, 94),
(98, 'Advanced Fluid Mechanics', 'ME2801', 3, 3, 95),
(99, 'Data Science and AI', 'CS2901', 3, 1, 96),
(100, 'Advanced Energy Systems', 'EE2901', 4, 2, 97);


-- Thêm dữ liệu vào bảng students
INSERT INTO students (id, first_name, last_name, date_of_birth, email, phone_number, address, class_id, major_id, gpa) VALUES
(1, 'John', 'Doe', '2000-01-01', 'john.doe@example.com', '1112223333', '123 Elm St', 1, 1, 3.5),
(2, 'Jane', 'Smith', '2001-02-02', 'jane.smith@example.com', '4445556666', '456 Maple Ave', 2, 1, 3.8),
(3, 'Sam', 'Green', '2002-03-03', 'sam.green@example.com', '7778889999', '789 Oak Ln', 3, 2, 3.2),
    (4, 'Alice', 'Brown', '2000-04-04', 'alice.brown@example.com', '2223334444', '101 Pine St', 4, 1, 3.6),
    (5, 'Bob', 'Wilson', '2001-05-05', 'bob.wilson@example.com', '5556667777', '202 Birch Rd', 5, 2, 3.4),
    (6, 'Charlie', 'Adams', '2002-06-06', 'charlie.adams@example.com', '8889990000', '303 Cedar Dr', 6, 1, 3.7),
    (7, 'David', 'Taylor', '2000-07-07', 'david.taylor@example.com', '3334445555', '404 Walnut St', 7, 2, 3.3),
    (8, 'Eva', 'Martinez', '2001-08-08', 'eva.martinez@example.com', '6667778888', '505 Fir Ln', 8, 3, 3.9),
    (9, 'Frank', 'Hernandez', '2002-09-09', 'frank.hernandez@example.com', '9990001111', '606 Pine Ln', 9, 1, 3.1),
    (10, 'Grace', 'Lopez', '2000-10-10', 'grace.lopez@example.com', '4445556666', '707 Maple Rd', 10, 2, 3.5),
    (11, 'Henry', 'Gonzalez', '2001-11-11', 'henry.gonzalez@example.com', '7778889999', '808 Oak Dr', 11, 3, 3.2),
    (12, 'Isla', 'Perez', '2002-12-12', 'isla.perez@example.com', '1112223333', '909 Birch St', 12, 1, 3.8),
    (13, 'Jack', 'Roberts', '2000-01-01', 'jack.roberts@example.com', '2223334444', '101 Cedar Ln', 13, 2, 3.6),
    (14, 'Kelly', 'Clark', '2001-02-02', 'kelly.clark@example.com', '5556667777', '202 Oak St', 14, 3, 3.4),
    (15, 'Leo', 'Lewis', '2002-03-03', 'leo.lewis@example.com', '8889990000', '303 Pine Rd', 15, 1, 3.7),
    (16, 'Mia', 'Walker', '2000-04-04', 'mia.walker@example.com', '3334445555', '404 Maple Dr', 16, 2, 3.3),
    (17, 'Noah', 'Young', '2001-05-05', 'noah.young@example.com', '6667778888', '505 Birch St', 17, 3, 3.9),
    (18, 'Olivia', 'King', '2002-06-06', 'olivia.king@example.com', '9990001111', '606 Cedar Rd', 18, 1, 3.1),
    (19, 'Paul', 'Scott', '2000-07-07', 'paul.scott@example.com', '4445556666', '707 Oak Ln', 19, 2, 3.5),
    (20, 'Quinn', 'Wright', '2001-08-08', 'quinn.wright@example.com', '7778889999', '808 Pine Dr', 20, 3, 3.2),
    (21, 'Rose', 'Allen', '2002-09-09', 'rose.allen@example.com', '1112223333', '909 Maple Ln', 21, 1, 3.8),
    (22, 'Steve', 'Hill', '2000-10-10', 'steve.hill@example.com', '2223334444', '101 Birch Rd', 22, 2, 3.6),
    (23, 'Tina', 'Adams', '2001-11-11', 'tina.adams@example.com', '5556667777', '202 Cedar Ln', 23, 3, 3.4),
    (24, 'Uma', 'Evans', '2002-12-12', 'uma.evans@example.com', '8889990000', '303 Oak Dr', 24, 1, 3.7),
    (25, 'Vera', 'Nelson', '2000-01-01', 'vera.nelson@example.com', '3334445555', '404 Pine St', 25, 2, 3.3),
    (26, 'Walter', 'Carter', '2001-02-02', 'walter.carter@example.com', '6667778888', '505 Maple Ln', 26, 3, 3.9),
    (27, 'Xander', 'Mitchell', '2002-03-03', 'xander.mitchell@example.com', '9990001111', '606 Cedar St', 27, 1, 3.1),
    (28, 'Yasmine', 'Morgan', '2000-04-04', 'yasmine.morgan@example.com', '4445556666', '707 Oak Rd', 28, 2, 3.5),
    (29, 'Zane', 'Baker', '2001-05-05', 'zane.baker@example.com', '7778889999', '808 Pine Ln', 29, 3, 3.2),
    (30, 'Abigail', 'Gomez', '2002-06-06', 'abigail.gomez@example.com', '1112223333', '909 Cedar Dr', 30, 1, 3.8),
    (31, 'Benjamin', 'Morris', '2000-07-07', 'benjamin.morris@example.com', '2223334444', '101 Oak St', 31, 2, 3.6),
    (32, 'Catherine', 'Murphy', '2001-08-08', 'catherine.murphy@example.com', '5556667777', '202 Pine Rd', 32, 3, 3.4),
    (33, 'Daniel', 'Harris', '2002-09-09', 'daniel.harris@example.com', '8889990000', '303 Maple St', 33, 1, 3.7),
    (34, 'Eva', 'Gonzalez', '2000-10-10', 'eva.gonzalez@example.com', '3334445555', '404 Cedar Ln', 34, 2, 3.3),
    (35, 'Felix', 'Perez', '2001-11-11', 'felix.perez@example.com', '6667778888', '505 Oak Ln', 35, 3, 3.9),
    (36, 'Grace', 'Ramirez', '2002-12-12', 'grace.ramirez@example.com', '9990001111', '606 Pine Rd', 36, 1, 3.1),
    (37, 'Henry', 'Diaz', '2000-01-01', 'henry.diaz@example.com', '4445556666', '707 Maple Dr', 37, 2, 3.5),
    (38, 'Ivy', 'Hall', '2001-02-02', 'ivy.hall@example.com', '7778889999', '808 Cedar St', 38, 3, 3.2),
    (39, 'Jack', 'Adams', '2002-03-03', 'jack.adams@example.com', '1112223333', '909 Oak Ln', 39, 1, 3.8),
    (40, 'Kara', 'Clark', '2000-04-04', 'kara.clark@example.com', '2223334444', '101 Pine St', 40, 2, 3.6),
    (41, 'Liam', 'Evans', '2001-05-05', 'liam.evans@example.com', '5556667777', '202 Maple Rd', 41, 3, 3.4),
    (42, 'Mia', 'Lee', '2002-06-06', 'mia.lee@example.com', '8889990000', '303 Cedar Ln', 42, 1, 3.7),
    (43, 'Noah', 'Young', '2000-07-07', 'noah.young@example.com', '3334445555', '404 Oak St', 43, 2, 3.3),
    (44, 'Olivia', 'Harris', '2001-08-08', 'olivia.harris@example.com', '6667778888', '505 Pine Ln', 44, 3, 3.9),
    (45, 'Parker', 'Johnson', '2002-09-09', 'parker.johnson@example.com', '9990001111', '606 Oak Dr', 45, 1, 3.1),
    (46, 'Quincy', 'Lee', '2000-10-10', 'quincy.lee@example.com', '4445556666', '707 Cedar Rd', 46, 2, 3.5),
    (47, 'Rachel', 'Walker', '2001-11-11', 'rachel.walker@example.com', '7778889999', '808 Maple Ln', 47, 3, 3.2),
    (48, 'Sam', 'Adams', '2002-12-12', 'sam.adams@example.com', '1112223333', '909 Cedar Dr', 48, 1, 3.8),
    (49, 'Tina', 'Roberts', '2000-01-01', 'tina.roberts@example.com', '2223334444', '101 Oak Rd', 49, 2, 3.6),
    (50, 'Ulysses', 'Jackson', '2001-02-02', 'ulysses.jackson@example.com', '5556667777', '202 Pine Dr', 50, 3, 3.4),
    (51, 'Vera', 'Williams', '2002-03-03', 'vera.williams@example.com', '8889990000', '303 Cedar Ln', 51, 1, 3.7),
    (52, 'Wesley', 'Smith', '2000-04-04', 'wesley.smith@example.com', '3334445555', '404 Maple Rd', 52, 2, 3.3),
    (53, 'Xander', 'King', '2001-05-05', 'xander.king@example.com', '6667778888', '505 Oak Ln', 53, 3, 3.9),
    (54, 'Yara', 'Clark', '2002-06-06', 'yara.clark@example.com', '9990001111', '606 Pine St', 54, 1, 3.1),
    (55, 'Zoe', 'Adams', '2000-07-07', 'zoe.adams@example.com', '4445556666', '707 Maple Dr', 55, 2, 3.5),
    (56, 'Aaron', 'Moore', '2001-08-08', 'aaron.moore@example.com', '7778889999', '808 Cedar St', 56, 3, 3.2),
    (57, 'Bella', 'Taylor', '2002-09-09', 'bella.taylor@example.com', '1112223333', '909 Oak Ln', 57, 1, 3.8),
    (58, 'Cameron', 'Miller', '2000-10-10', 'cameron.miller@example.com', '2223334444', '101 Pine Rd', 58, 2, 3.6),
    (59, 'Danielle', 'Davis', '2001-11-11', 'danielle.davis@example.com', '5556667777', '202 Maple Ln', 59, 3, 3.4),
    (60, 'Ethan', 'Carter', '2002-12-12', 'ethan.carter@example.com', '8889990000', '303 Cedar Rd', 60, 1, 3.7),
    (61, 'Freya', 'Wilson', '2000-01-01', 'freya.wilson@example.com', '3334445555', '404 Oak Rd', 61, 2, 3.3),
    (62, 'Gage', 'Martin', '2001-02-02', 'gage.martin@example.com', '6667778888', '505 Pine Ln', 62, 3, 3.9),
    (63, 'Hannah', 'Rodriguez', '2002-03-03', 'hannah.rodriguez@example.com', '9990001111', '606 Oak Dr', 63, 1, 3.1),
    (64, 'Ivy', 'Hernandez', '2000-04-04', 'ivy.hernandez@example.com', '4445556666', '707 Cedar Ln', 64, 2, 3.5),
    (65, 'James', 'Gomez', '2001-05-05', 'james.gomez@example.com', '7778889999', '808 Maple Rd', 65, 3, 3.2),
    (66, 'Kendall', 'Martinez', '2002-06-06', 'kendall.martinez@example.com', '1112223333', '909 Cedar Dr', 66, 1, 3.8),
    (67, 'Lara', 'Lopez', '2000-07-07', 'lara.lopez@example.com', '2223334444', '101 Oak Ln', 67, 2, 3.6),
    (68, 'Miles', 'Anderson', '2001-08-08', 'miles.anderson@example.com', '5556667777', '202 Pine Rd', 68, 3, 3.4),
    (69, 'Nina', 'Thompson', '2002-09-09', 'nina.thompson@example.com', '8889990000', '303 Cedar Ln', 69, 1, 3.7),
    (70, 'Oscar', 'Wilson', '2000-10-10', 'oscar.wilson@example.com', '3334445555', '404 Oak St', 70, 2, 3.3),
    (71, 'Paige', 'Mitchell', '2001-11-11', 'paige.mitchell@example.com', '6667778888', '505 Pine Ln', 71, 3, 3.9),
    (72, 'Quincy', 'Taylor', '2002-12-12', 'quincy.taylor@example.com', '9990001111', '606 Cedar Rd', 72, 1, 3.1),
    (73, 'Riley', 'Williams', '2000-01-01', 'riley.williams@example.com', '4445556666', '707 Oak Dr', 73, 2, 3.5),
    (74, 'Sophia', 'Roberts', '2001-02-02', 'sophia.roberts@example.com', '7778889999', '808 Maple Ln', 74, 3, 3.2),
    (75, 'Tyler', 'Clark', '2002-03-03', 'tyler.clark@example.com', '1112223333', '909 Pine Rd', 75, 1, 3.8),
    (76, 'Ursula', 'Davis', '2000-04-04', 'ursula.davis@example.com', '2223334444', '101 Cedar Ln', 76, 2, 3.6),
    (77, 'Vance', 'Rodriguez', '2001-05-05', 'vance.rodriguez@example.com', '5556667777', '202 Oak Rd', 77, 3, 3.4),
    (78, 'Wendy', 'Evans', '2002-06-06', 'wendy.evans@example.com', '8889990000', '303 Cedar Ln', 78, 1, 3.7),
    (79, 'Xander', 'Brown', '2000-07-07', 'xander.brown@example.com', '3334445555', '404 Maple St', 79, 2, 3.3),
    (80, 'Yasmine', 'Jones', '2001-08-08', 'yasmine.jones@example.com', '6667778888', '505 Pine Ln', 80, 3, 3.9),
    (81, 'Zane', 'Walker', '2002-09-09', 'zane.walker@example.com', '9990001111', '606 Oak Dr', 81, 1, 3.1),
    (82, 'Adam', 'Harrison', '2000-10-10', 'adam.harrison@example.com', '4445556666', '707 Pine Rd', 82, 2, 3.5),
    (83, 'Bella', 'Parker', '2001-11-11', 'bella.parker@example.com', '7778889999', '808 Cedar Ln', 83, 3, 3.2),
    (84, 'Caleb', 'Phillips', '2002-12-12', 'caleb.phillips@example.com', '1112223333', '909 Maple Rd', 84, 1, 3.8),
    (85, 'Diana', 'Morris', '2000-01-01', 'diana.morris@example.com', '2223334444', '101 Oak St', 85, 2, 3.6),
    (86, 'Eli', 'Scott', '2001-02-02', 'eli.scott@example.com', '5556667777', '202 Pine Ln', 86, 3, 3.4),
    (87, 'Faith', 'Mitchell', '2002-03-03', 'faith.mitchell@example.com', '8889990000', '303 Cedar Rd', 87, 1, 3.7),
    (88, 'Gabe', 'Taylor', '2000-04-04', 'gabe.taylor@example.com', '3334445555', '404 Oak Ln', 88, 2, 3.3),
    (89, 'Holly', 'Williams', '2001-05-05', 'holly.williams@example.com', '6667778888', '505 Pine Rd', 89, 3, 3.9),
    (90, 'Ian', 'Evans', '2002-06-06', 'ian.evans@example.com', '9990001111', '606 Cedar Ln', 90, 1, 3.1),
    (91, 'Jackie', 'Garcia', '2000-07-07', 'jackie.garcia@example.com', '4445556666', '707 Maple Dr', 91, 2, 3.5),
    (92, 'Kyle', 'Jackson', '2001-08-08', 'kyle.jackson@example.com', '7778889999', '808 Oak Rd', 92, 3, 3.2),
    (93, 'Lena', 'Rodriguez', '2002-09-09', 'lena.rodriguez@example.com', '1112223333', '909 Pine Ln', 93, 1, 3.8),
    (94, 'Mason', 'Green', '2000-10-10', 'mason.green@example.com', '2223334444', '101 Cedar Dr', 94, 2, 3.6),
    (95, 'Nina', 'Hall', '2001-11-11', 'nina.hall@example.com', '5556667777', '202 Oak Ln', 95, 3, 3.4),
    (96, 'Omar', 'Lewis', '2002-12-12', 'omar.lewis@example.com', '8889990000', '303 Pine Rd', 96, 1, 3.7),
    (97, 'Penny', 'Mitchell', '2000-01-01', 'penny.mitchell@example.com', '3334445555', '404 Cedar Ln', 97, 2, 3.3),
    (98, 'Quinn', 'Parker', '2001-02-02', 'quinn.parker@example.com', '6667778888', '505 Oak Dr', 98, 3, 3.9),
    (99, 'Rory', 'Morris', '2002-03-03', 'rory.morris@example.com', '9990001111', '606 Pine Ln', 99, 1, 3.1),
    (100, 'Stella', 'Rodriguez', '2000-04-04', 'stella.rodriguez@example.com', '4445556666', '707 Maple Rd', 100, 2, 3.5);


-- Thêm dữ liệu vào bảng classrooms
INSERT INTO classrooms (id, room_number, building, capacity) VALUES
 (1, '101', 'Building A', 50),
 (2, '202', 'Building B', 40),
 (3, '303', 'Building C', 30),
 (4, '104', 'Building A', 60),
 (5, '205', 'Building B', 45),
 (6, '306', 'Building C', 35),
 (7, '107', 'Building A', 55),
 (8, '208', 'Building B', 50),
 (9, '309', 'Building C', 40),
 (10, '110', 'Building A', 45),
 (11, '211', 'Building B', 60),
 (12, '312', 'Building C', 25),
 (13, '113', 'Building A', 70),
 (14, '214', 'Building B', 80),
 (15, '315', 'Building C', 50),
 (16, '116', 'Building A', 65),
 (17, '217', 'Building B', 75),
 (18, '318', 'Building C', 40),
 (19, '119', 'Building A', 55),
 (20, '220', 'Building B', 45),
 (21, '321', 'Building C', 60),
 (22, '122', 'Building A', 80),
 (23, '223', 'Building B', 50),
 (24, '324', 'Building C', 35),
 (25, '125', 'Building A', 60),
 (26, '226', 'Building B', 70),
 (27, '327', 'Building C', 45),
 (28, '128', 'Building A', 40),
 (29, '229', 'Building B', 65),
 (30, '330', 'Building C', 30),
 (31, '131', 'Building A', 75),
 (32, '232', 'Building B', 55),
 (33, '333', 'Building C', 50),
 (34, '134', 'Building A', 45),
 (35, '235', 'Building B', 40),
 (36, '336', 'Building C', 60),
 (37, '137', 'Building A', 65),
 (38, '238', 'Building B', 50),
 (39, '339', 'Building C', 30),
 (40, '140', 'Building A', 70),
 (41, '241', 'Building B', 45),
 (42, '342', 'Building C', 50),
 (43, '143', 'Building A', 55),
 (44, '244', 'Building B', 60),
 (45, '345', 'Building C', 40),
 (46, '146', 'Building A', 50),
 (47, '247', 'Building B', 55),
 (48, '348', 'Building C', 45),
 (49, '149', 'Building A', 60),
 (50, '250', 'Building B', 50),
 (51, '351', 'Building C', 70),
 (52, '152', 'Building A', 65),
 (53, '253', 'Building B', 40),
 (54, '354', 'Building C', 60),
 (55, '155', 'Building A', 50),
 (56, '256', 'Building B', 75),
 (57, '357', 'Building C', 45),
 (58, '158', 'Building A', 60),
 (59, '259', 'Building B', 55),
 (60, '360', 'Building C', 35),
 (61, '161', 'Building A', 70),
 (62, '262', 'Building B', 60),
 (63, '363', 'Building C', 50),
 (64, '164', 'Building A', 40),
 (65, '265', 'Building B', 45),
 (66, '366', 'Building C', 55),
 (67, '167', 'Building A', 50),
 (68, '268', 'Building B', 65),
 (69, '369', 'Building C', 45),
 (70, '170', 'Building A', 75),
 (71, '271', 'Building B', 60),
 (72, '372', 'Building C', 50),
 (73, '173', 'Building A', 80),
 (74, '274', 'Building B', 55),
 (75, '375', 'Building C', 45),
 (76, '176', 'Building A', 65),
 (77, '277', 'Building B', 40),
 (78, '378', 'Building C', 60),
 (79, '179', 'Building A', 50),
 (80, '280', 'Building B', 75),
 (81, '381', 'Building C', 45),
 (82, '182', 'Building A', 60),
 (83, '283', 'Building B', 50),
 (84, '384', 'Building C', 35),
 (85, '185', 'Building A', 70),
 (86, '286', 'Building B', 60),
 (87, '387', 'Building C', 50),
 (88, '188', 'Building A', 75),
 (89, '289', 'Building B', 55),
 (90, '390', 'Building C', 45),
 (91, '191', 'Building A', 65),
 (92, '292', 'Building B', 50),
 (93, '393', 'Building C', 60),
 (94, '194', 'Building A', 45),
 (95, '295', 'Building B', 40),
 (96, '396', 'Building C', 70),
 (97, '197', 'Building A', 55),
 (98, '298', 'Building B', 60),
 (99, '399', 'Building C', 45),
 (100, '200', 'Building A', 65);

-- Thêm dữ liệu vào bảng scholarships
INSERT INTO scholarships (id, scholarship_name, amount, student_id) VALUES
(1, 'Academic Excellence', 1000.00, 1),
(2, 'Merit-Based', 800.00, 2),
(3, 'Need-Based', 500.00, 3),
(4, 'Leadership Award', 1200.00, 4),
(5, 'Community Service', 750.00, 5),
(6, 'Athletic Scholarship', 1500.00, 6),
(7, 'STEM Excellence', 1000.00, 7),
(8, 'Artistic Talent', 850.00, 8),
(9, 'Environmental Stewardship', 600.00, 9),
(10, 'Diversity Grant', 900.00, 10),
(11, 'Innovation in Technology', 1100.00, 11),
(12, 'Academic Achievement', 950.00, 12),
(13, 'Exemplary Performance', 1300.00, 13),
(14, 'Social Impact Scholarship', 700.00, 14),
(15, 'Entrepreneurship Award', 1000.00, 15),
(16, 'Music Scholarship', 800.00, 16),
(17, 'Research Grant', 1300.00, 17),
(18, 'Global Leadership', 1100.00, 18),
(19, 'Cultural Awareness', 900.00, 19),
(20, 'Top Achiever', 950.00, 20),
(21, 'Future Scholars', 800.00, 21),
(22, 'Math Excellence', 1000.00, 22),
(23, 'Philanthropy Scholarship', 600.00, 23),
(24, 'Veteran Support Grant', 1200.00, 24),
(25, 'International Student Aid', 950.00, 25),
(26, 'Women in Science', 1000.00, 26),
(27, 'Public Service Scholarship', 850.00, 27),
(28, 'Academic Honors', 1200.00, 28),
(29, 'Civic Engagement', 700.00, 29),
(30, 'Technology Innovator', 1100.00, 30),
(31, 'Health Professions Award', 1300.00, 31),
(32, 'Creative Writing Scholarship', 900.00, 32),
(33, 'Science Research Fund', 1000.00, 33),
(34, 'Engineering Excellence', 1500.00, 34),
(35, 'Performing Arts Grant', 750.00, 35),
(36, 'Full Ride Scholarship', 2000.00, 36),
(37, 'Honors Program Scholarship', 1200.00, 37),
(38, 'Alumni Association Award', 800.00, 38),
(39, 'Entrepreneurship Fund', 950.00, 39),
(40, 'Excellence in Education', 1100.00, 40),
(41, 'First-Generation Scholarship', 600.00, 41),
(42, 'Art Scholarship', 850.00, 42),
(43, 'Technology Leadership Award', 1200.00, 43),
(44, 'Social Science Fellowship', 900.00, 44),
(45, 'Career Development Grant', 1000.00, 45),
(46, 'High Honors Scholarship', 950.00, 46),
(47, 'Entrepreneur Award', 1000.00, 47),
(48, 'Mathematics Award', 700.00, 48),
(49, 'Women in Leadership', 1100.00, 49),
(50, 'Undergraduate Research', 1300.00, 50),
(51, 'Environmental Innovation', 950.00, 51),
(52, 'Philosophy Grant', 600.00, 52),
(53, 'Athlete Scholar Award', 800.00, 53),
(54, 'Diversity Fellowship', 1200.00, 54),
(55, 'Top Performer Award', 1000.00, 55),
(56, 'Health and Wellness Grant', 700.00, 56),
(57, 'Student Leadership Award', 1100.00, 57),
(58, 'Cultural Exchange Scholarship', 950.00, 58),
(59, 'Professional Development Fund', 1000.00, 59),
(60, 'Excellence in Teaching', 800.00, 60),
(61, 'Women in Business Scholarship', 1200.00, 61),
(62, 'Engineering Scholarship', 1000.00, 62),
(63, 'Political Science Fellowship', 700.00, 63),
(64, 'Creative Arts Fund', 850.00, 64),
(65, 'Public Health Scholarship', 950.00, 65),
(66, 'STEM Leadership Fund', 1100.00, 66),
(67, 'Student Government Award', 1000.00, 67),
(68, 'Community Involvement Grant', 600.00, 68),
(69, 'Science Excellence Grant', 850.00, 69),
(70, 'Business Innovation Award', 1000.00, 70),
(71, 'International Leadership', 900.00, 71),
(72, 'History Scholarship', 800.00, 72),
(73, 'Science Achievement Award', 950.00, 73),
(74, 'Women in Engineering', 1200.00, 74),
(75, 'Undergraduate Excellence', 1100.00, 75),
(76, 'Law School Scholarship', 1300.00, 76),
(77, 'Architecture Scholarship', 800.00, 77),
(78, 'Media and Journalism Award', 1000.00, 78),
(79, 'Geography Fellowship', 950.00, 79),
(80, 'Scholarship for Writers', 600.00, 80),
(81, 'Civic Leadership Award', 1200.00, 81),
(82, 'Research Excellence Grant', 1000.00, 82),
(83, 'Future Scholars Fund', 950.00, 83),
(84, 'Technology Excellence Award', 1100.00, 84),
(85, 'Creative Solutions Scholarship', 850.00, 85),
(86, 'Cultural Leadership Fellowship', 800.00, 86),
(87, 'Public Policy Award', 1200.00, 87),
(88, 'Advanced Research Fund', 1000.00, 88),
(89, 'Science and Technology Scholarship', 950.00, 89),
(90, 'Community Development Award', 600.00, 90),
(91, 'Math Achievement Scholarship', 800.00, 91),
(92, 'Media Studies Grant', 1000.00, 92),
(93, 'Global Scholar Award', 1100.00, 93),
(94, 'Women in Education Fund', 1200.00, 94),
(95, 'High School Achievement Grant', 950.00, 95),
(96, 'Scholarship for Social Work', 800.00, 96),
(97, 'Graduate School Fund', 1500.00, 97),
(98, 'International Relations Fellowship', 900.00, 98),
(99, 'Tech Innovator Award', 1100.00, 99),
(100, 'Veteran Leadership Scholarship', 1200.00, 100);

-- Thêm dữ liệu vào bảng enrollments
INSERT INTO enrollments (student_id, course_id, enrollment_date, grade) VALUES
(1, 1, '2024-01-15', 3.7),
(1, 2, '2024-01-15', 3.9),
(2, 1, '2024-01-15', 3.5),
(2, 3, '2024-01-15', 3.8),
(3, 4, '2024-01-15', 3.2),
(4, 5, '2024-02-15', 3.7),
(5, 6, '2024-02-15', 3.9),
(6, 7, '2024-02-15', 3.5),
(7, 8, '2024-02-15', 3.8),
(8, 9, '2024-02-15', 3.2),
(9, 10, '2024-02-15', 3.6),
(10, 11, '2024-02-15', 3.4),
(11, 12, '2024-02-15', 3.8),
(12, 13, '2024-02-15', 3.7),
(13, 14, '2024-02-15', 3.9),
(14, 15, '2024-02-15', 3.5),
(15, 16, '2024-02-15', 3.6),
(16, 17, '2024-02-15', 3.7),
(17, 18, '2024-02-15', 3.4),
(18, 19, '2024-02-15', 3.9),
(19, 20, '2024-02-15', 3.2),
(20, 21, '2024-02-15', 3.5),
(21, 22, '2024-02-15', 3.8),
(22, 23, '2024-02-15', 3.9),
(23, 24, '2024-02-15', 3.3),
(24, 25, '2024-02-15', 3.6),
(25, 26, '2024-02-15', 3.7),
(26, 27, '2024-02-15', 3.5),
(27, 28, '2024-02-15', 3.8),
(28, 29, '2024-02-15', 3.9),
(29, 30, '2024-02-15', 3.7),
(30, 31, '2024-02-15', 3.6),
(31, 32, '2024-02-15', 3.5),
(32, 33, '2024-02-15', 3.4),
(33, 34, '2024-02-15', 3.8),
(34, 35, '2024-02-15', 3.7),
(35, 36, '2024-02-15', 3.9),
(36, 37, '2024-02-15', 3.6),
(37, 38, '2024-02-15', 3.5),
(38, 39, '2024-02-15', 3.3),
(39, 40, '2024-02-15', 3.8),
(40, 41, '2024-02-15', 3.9),
(41, 42, '2024-02-15', 3.7),
(42, 43, '2024-02-15', 3.5),
(43, 44, '2024-02-15', 3.6),
(44, 45, '2024-02-15', 3.8),
(45, 46, '2024-02-15', 3.9),
(46, 47, '2024-02-15', 3.5),
(47, 48, '2024-02-15', 3.6),
(48, 49, '2024-02-15', 3.7),
(49, 50, '2024-02-15', 3.9),
(50, 51, '2024-02-15', 3.5),
(51, 52, '2024-02-15', 3.8),
(52, 53, '2024-02-15', 3.9),
(53, 54, '2024-02-15', 3.6),
(54, 55, '2024-02-15', 3.7),
(55, 56, '2024-02-15', 3.5),
(56, 57, '2024-02-15', 3.8),
(57, 58, '2024-02-15', 3.7),
(58, 59, '2024-02-15', 3.9),
(59, 60, '2024-02-15', 3.6),
(60, 61, '2024-02-15', 3.5),
(61, 62, '2024-02-15', 3.8),
(62, 63, '2024-02-15', 3.7),
(63, 64, '2024-02-15', 3.9),
(64, 65, '2024-02-15', 3.5),
(65, 66, '2024-02-15', 3.6),
(66, 67, '2024-02-15', 3.7),
(67, 68, '2024-02-15', 3.9),
(68, 69, '2024-02-15', 3.5),
(69, 70, '2024-02-15', 3.8),
(70, 71, '2024-02-15', 3.6),
(71, 72, '2024-02-15', 3.7),
(72, 73, '2024-02-15', 3.9),
(73, 74, '2024-02-15', 3.6),
(74, 75, '2024-02-15', 3.5),
(75, 76, '2024-02-15', 3.8),
(76, 77, '2024-02-15', 3.7),
(77, 78, '2024-02-15', 3.9),
(78, 79, '2024-02-15', 3.6),
(79, 80, '2024-02-15', 3.5),
(80, 81, '2024-02-15', 3.8),
(81, 82, '2024-02-15', 3.9),
(82, 83, '2024-02-15', 3.7),
(83, 84, '2024-02-15', 3.5),
(84, 85, '2024-02-15', 3.6),
(85, 86, '2024-02-15', 3.8),
(86, 87, '2024-02-15', 3.7),
(87, 88, '2024-02-15', 3.5),
(88, 89, '2024-02-15', 3.6),
(89, 90, '2024-02-15', 3.9),
(90, 91, '2024-02-15', 3.7),
(91, 92, '2024-02-15', 3.5),
(92, 93, '2024-02-15', 3.8),
(93, 94, '2024-02-15', 3.9),
(94, 95, '2024-02-15', 3.6),
(95, 96, '2024-02-15', 3.7),
(96, 97, '2024-02-15', 3.5),
(97, 98, '2024-02-15', 3.9),
(98, 99, '2024-02-15', 3.7),
(99, 100, '2024-02-15', 3.8),
(100, 1, '2024-02-15', 3.5);

-- Thêm dữ liệu vào bảng course_schedule
INSERT INTO course_schedule (id, course_id, classroom_id, day_of_week, start_time, end_time) VALUES
(1, 1, 1, 'Monday', '08:00:00', '10:00:00'),
(2, 2, 1, 'Wednesday', '10:00:00', '12:00:00'),
(3, 3, 2, 'Friday', '09:00:00', '11:00:00'),
(4, 4, 3, 'Tuesday', '14:00:00', '16:00:00'),
(5, 5, 1, 'Monday', '10:00:00', '12:00:00'),
(6, 6, 2, 'Tuesday', '08:00:00', '10:00:00'),
(7, 7, 3, 'Wednesday', '14:00:00', '16:00:00'),
(8, 8, 1, 'Thursday', '09:00:00', '11:00:00'),
(9, 9, 2, 'Friday', '13:00:00', '15:00:00'),
(10, 10, 3, 'Monday', '14:00:00', '16:00:00'),
(11, 11, 1, 'Tuesday', '10:00:00', '12:00:00'),
(12, 12, 2, 'Wednesday', '08:00:00', '10:00:00'),
(13, 13, 3, 'Thursday', '11:00:00', '13:00:00'),
(14, 14, 1, 'Friday', '15:00:00', '17:00:00'),
(15, 15, 2, 'Monday', '08:00:00', '10:00:00'),
(16, 16, 3, 'Tuesday', '14:00:00', '16:00:00'),
(17, 17, 1, 'Wednesday', '10:00:00', '12:00:00'),
(18, 18, 2, 'Thursday', '09:00:00', '11:00:00'),
(19, 19, 3, 'Friday', '13:00:00', '15:00:00'),
(20, 20, 1, 'Monday', '14:00:00', '16:00:00'),
(21, 21, 2, 'Tuesday', '08:00:00', '10:00:00'),
(22, 22, 3, 'Wednesday', '13:00:00', '15:00:00'),
(23, 23, 1, 'Thursday', '14:00:00', '16:00:00'),
(24, 24, 2, 'Friday', '09:00:00', '11:00:00'),
(25, 25, 3, 'Monday', '10:00:00', '12:00:00'),
(26, 26, 1, 'Tuesday', '13:00:00', '15:00:00'),
(27, 27, 2, 'Wednesday', '09:00:00', '11:00:00'),
(28, 28, 3, 'Thursday', '08:00:00', '10:00:00'),
(29, 29, 1, 'Friday', '11:00:00', '13:00:00'),
(30, 30, 2, 'Monday', '09:00:00', '11:00:00'),
(31, 31, 3, 'Tuesday', '15:00:00', '17:00:00'),
(32, 32, 1, 'Wednesday', '14:00:00', '16:00:00'),
(33, 33, 2, 'Thursday', '10:00:00', '12:00:00'),
(34, 34, 3, 'Friday', '08:00:00', '10:00:00'),
(35, 35, 1, 'Monday', '13:00:00', '15:00:00'),
(36, 36, 2, 'Tuesday', '09:00:00', '11:00:00'),
(37, 37, 3, 'Wednesday', '15:00:00', '17:00:00'),
(38, 38, 1, 'Thursday', '08:00:00', '10:00:00'),
(39, 39, 2, 'Friday', '13:00:00', '15:00:00'),
(40, 40, 3, 'Monday', '11:00:00', '13:00:00'),
(41, 41, 1, 'Tuesday', '14:00:00', '16:00:00'),
(42, 42, 2, 'Wednesday', '08:00:00', '10:00:00'),
(43, 43, 3, 'Thursday', '10:00:00', '12:00:00'),
(44, 44, 1, 'Friday', '09:00:00', '11:00:00'),
(45, 45, 2, 'Monday', '08:00:00', '10:00:00'),
(46, 46, 3, 'Tuesday', '10:00:00', '12:00:00'),
(47, 47, 1, 'Wednesday', '11:00:00', '13:00:00'),
(48, 48, 2, 'Thursday', '13:00:00', '15:00:00'),
(49, 49, 3, 'Friday', '14:00:00', '16:00:00'),
(50, 50, 1, 'Monday', '10:00:00', '12:00:00'),
(51, 51, 2, 'Tuesday', '08:00:00', '10:00:00'),
(52, 52, 3, 'Wednesday', '15:00:00', '17:00:00'),
(53, 53, 1, 'Thursday', '09:00:00', '11:00:00'),
(54, 54, 2, 'Friday', '08:00:00', '10:00:00'),
(55, 55, 3, 'Monday', '14:00:00', '16:00:00'),
(56, 56, 1, 'Tuesday', '13:00:00', '15:00:00'),
(57, 57, 2, 'Wednesday', '09:00:00', '11:00:00'),
(58, 58, 3, 'Thursday', '08:00:00', '10:00:00'),
(59, 59, 1, 'Friday', '10:00:00', '12:00:00'),
(60, 60, 2, 'Monday', '13:00:00', '15:00:00'),
(61, 61, 3, 'Tuesday', '08:00:00', '10:00:00'),
(62, 62, 1, 'Wednesday', '14:00:00', '16:00:00'),
(63, 63, 2, 'Thursday', '09:00:00', '11:00:00'),
(64, 64, 3, 'Friday', '13:00:00', '15:00:00'),
(65, 65, 1, 'Monday', '10:00:00', '12:00:00'),
(66, 66, 2, 'Tuesday', '14:00:00', '16:00:00'),
(67, 67, 3, 'Wednesday', '08:00:00', '10:00:00'),
(68, 68, 1, 'Thursday', '15:00:00', '17:00:00'),
(69, 69, 2, 'Friday', '11:00:00', '13:00:00'),
(70, 70, 3, 'Monday', '13:00:00', '15:00:00'),
(71, 71, 1, 'Tuesday', '10:00:00', '12:00:00'),
(72, 72, 2, 'Wednesday', '09:00:00', '11:00:00'),
(73, 73, 3, 'Thursday', '14:00:00', '16:00:00'),
(74, 74, 1, 'Friday', '10:00:00', '12:00:00'),
(75, 75, 2, 'Monday', '13:00:00', '15:00:00'),
(76, 76, 3, 'Tuesday', '08:00:00', '10:00:00'),
(77, 77, 1, 'Wednesday', '14:00:00', '16:00:00'),
(78, 78, 2, 'Thursday', '13:00:00', '15:00:00'),
(79, 79, 3, 'Friday', '11:00:00', '13:00:00'),
(80, 80, 1, 'Monday', '14:00:00', '16:00:00'),
(81, 81, 2, 'Tuesday', '13:00:00', '15:00:00'),
(82, 82, 3, 'Wednesday', '08:00:00', '10:00:00'),
(83, 83, 1, 'Thursday', '09:00:00', '11:00:00'),
(84, 84, 2, 'Friday', '14:00:00', '16:00:00'),
(85, 85, 3, 'Monday', '09:00:00', '11:00:00'),
(86, 86, 1, 'Tuesday', '10:00:00', '12:00:00'),
(87, 87, 2, 'Wednesday', '13:00:00', '15:00:00'),
(88, 88, 3, 'Thursday', '14:00:00', '16:00:00'),
(89, 89, 1, 'Friday', '13:00:00', '15:00:00'),
(90, 90, 2, 'Monday', '11:00:00', '13:00:00'),
(91, 91, 3, 'Tuesday', '14:00:00', '16:00:00'),
(92, 92, 1, 'Wednesday', '08:00:00', '10:00:00'),
(93, 93, 2, 'Thursday', '10:00:00', '12:00:00'),
(94, 94, 3, 'Friday', '09:00:00', '11:00:00'),
(95, 95, 1, 'Monday', '10:00:00', '12:00:00'),
(96, 96, 2, 'Tuesday', '08:00:00', '10:00:00'),
(97, 97, 3, 'Wednesday', '13:00:00', '15:00:00'),
(98, 98, 1, 'Thursday', '15:00:00', '17:00:00'),
(99, 99, 2, 'Friday', '14:00:00', '16:00:00'),
(100, 100, 3, 'Monday', '11:00:00', '13:00:00');
